Record number,Date,All,UA,DE,SK,AT,HR,IT,PL,ES,RU,GB,EG,FR,CH,BG,TZ,HU,RS,AE,CZ,TR,NL,SE,RO,US,MD,GR,BY,BE,PT,MV,KZ,MK,TN,AL,SI,MX,BA,DO,MT,IN,ZA,PH,IE,DK,AF,ML,XK,ME,BR,IL,LU,TH,ET,CR,NO,GE,PK,UZ,CA,AR,LV,AM,IR,GH,NG,SA,KE,IS,CV,VG,LI,EC,LB,BD,KG,BB,LT,NA,CY,AI,QA,AZ,CM,MY,MA,MU,NZ,MN,JP,UG,PA,GN,CU,SY,SV,CK,IQ,JO,ZM,VI,SN,JM,SL,SC,DM,YE,LK,PE,CL,OM,SD,NP,UY,MF,VN,GF,FK,RE,FI,KR,AW,DZ,PF,FO,ID,CN,MO,EE,KW,CO,AU
0,2020-03-02,3,,,,,,3,,,,,,,,,,,,,,,,,,,,,,,,,,,,,,,,,,,,,,,,,,,,,,,,,,,,,,,,,,,,,,,,,,,,,,,,,,,,,,,,,,,,,,,,,,,,,,,,,,,,,,,,,,,,,,,,,,,,,,,,,,,,,
1,2020-03-03,4,,,,,,4,,,,,,,,,,,,,,,,,,,,,,,,,,,,,,,,,,,,,,,,,,,,,,,,,,,,,,,,,,,,,,,,,,,,,,,,,,,,,,,,,,,,,,,,,,,,,,,,,,,,,,,,,,,,,,,,,,,,,,,,,,,,,
2,2020-03-04,4,,,,,,4,,,,,,,,,,,,,,,,,,,,,,,,,,,,,,,,,,,,,,,,,,,,,,,,,,,,,,,,,,,,,,,,,,,,,,,,,,,,,,,,,,,,,,,,,,,,,,,,,,,,,,,,,,,,,,,,,,,,,,,,,,,,,
3,2020-03-05,6,,,,,,6,,,,,,,,,,,,,,,,,,,,,,,,,,,,,,,,,,,,,,,,,,,,,,,,,,,,,,,,,,,,,,,,,,,,,,,,,,,,,,,,,,,,,,,,,,,,,,,,,,,,,,,,,,,,,,,,,,,,,,,,,,,,,
4,2020-03-06,14,,,,,,14,,,,,,,,,,,,,,,,,,,,,,,,,,,,,,,,,,,,,,,,,,,,,,,,,,,,,,,,,,,,,,,,,,,,,,,,,,,,,,,,,,,,,,,,,,,,,,,,,,,,,,,,,,,,,,,,,,,,,,,,,,,,,
5,2020-03-07,18,,,,,,17,,,,,,,,,,,,,,,,,,1,,,,,,,,,,,,,,,,,,,,,,,,,,,,,,,,,,,,,,,,,,,,,,,,,,,,,,,,,,,,,,,,,,,,,,,,,,,,,,,,,,,,,,,,,,,,,,,,,,,,,,,,,,,
6,2020-03-08,22,,1,,,,20,,,,,,,,,,,,,,,,,,1,,,,,,,,,,,,,,,,,,,,,,,,,,,,,,,,,,,,,,,,,,,,,,,,,,,,,,,,,,,,,,,,,,,,,,,,,,,,,,,,,,,,,,,,,,,,,,,,,,,,,,,,,,,
7,2020-03-09,28,,1,,,,26,,,,,,,,,,,,,,,,,,1,,,,,,,,,,,,,,,,,,,,,,,,,,,,,,,,,,,,,,,,,,,,,,,,,,,,,,,,,,,,,,,,,,,,,,,,,,,,,,,,,,,,,,,,,,,,,,,,,,,,,,,,,,,
8,2020-03-10,44,,1,,1,,41,,,,,,,,,,,,,,,,,,1,,,,,,,,,,,,,,,,,,,,,,,,,,,,,,,,,,,,,,,,,,,,,,,,,,,,,,,,,,,,,,,,,,,,,,,,,,,,,,,,,,,,,,,,,,,,,,,,,,,,,,,,,,,
9,2020-03-11,64,,2,,1,,55,,,,,2,,,,,,,,,,,,,1,,,,,,,,,,,,,,,,,,,1,,,,,,,2,,,,,,,,,,,,,,,,,,,,,,,,,,,,,,,,,,,,,,,,,,,,,,,,,,,,,,,,,,,,,,,,,,,,,,,,,,,,,,,,,
10,2020-03-12,73,,2,,6,,58,,,,,2,1,,,,,,,,,,,,1,,,,,,,,,,,,,,,,,,,1,,,,,,,2,,,,,,,,,,,,,,,,,,,,,,,,,,,,,,,,,,,,,,,,,,,,,,,,,,,,,,,,,,,,,,,,,,,,,,,,,,,,,,,,,
11,2020-03-13,92,,2,,11,,71,,,,,2,1,,,,,,,,,,,,1,,,,,,,,,,,,,,,,,,,2,,,,,,,2,,,,,,,,,,,,,,,,,,,,,,,,,,,,,,,,,,,,,,,,,,,,,,,,,,,,,,,,,,,,,,,,,,,,,,,,,,,,,,,,,
12,2020-03-14,112,,3,1,14,,79,,2,,,2,1,,,,2,,,,,1,1,,1,,1,,,,,,,,,,,,,,,,,2,,,,,,,2,,,,,,,,,,,,,,,,,,,,,,,,,,,,,,,,,,,,,,,,,,,,,,,,,,,,,,,,,,,,,,,,,,,,,,,,,,,,,,,,,
13,2020-03-15,150,,4,1,28,,92,,2,,1,2,2,2,,,3,,1,,,1,1,,3,,1,,1,,,,,,,,,,,,,,,2,,,,,,,2,,1,,,,,,,,,,,,,,,,,,,,,,,,,,,,,,,,,,,,,,,,,,,,,,,,,,,,,,,,,,,,,,,,,,,,,,,,,,,,,,,
14,2020-03-16,173,,6,1,32,,105,,3,,2,2,2,2,,,3,,1,,,1,1,,3,,1,,2,,,,,,,,,,,,,,,2,,,,,,,2,,1,,,,,,,,,,,,,,1,,,,,,,,,,,,,,,,,,,,,,,,,,,,,,,,,,,,,,,,,,,,,,,,,,,,,,,,,,,,,,,,,
15,2020-03-17,192,,7,1,42,,107,,3,,4,2,2,2,,,3,,1,,,1,1,,4,,1,,3,,,,,,,,,,,,,,,3,,,,,,,2,,1,,,,,,,,,,,,,,1,,,,,,,,,,,,,,,,,,,,,,,,,,,,,,,,,,,,,,,,,,,,,,,,,,,,,,,,,,,1,,,,,,
16,2020-03-18,220,,9,2,58,,108,,4,,4,3,2,2,,,3,,1,,,1,2,,6,,1,,3,1,,,,,,,,,,1,,,,3,,,,,,,2,,1,,,,,,,,,,,,,,1,,,,,,,,,,,,,,,,,1,,,,,,,,,,,,,,,,,,,,,,,,,,,,,,,,,,,,,,,,,,1,,,,,,
17,2020-03-19,252,,13,2,66,,114,1,6,,7,3,4,2,,,4,,2,,1,1,2,,7,,1,,4,1,,,,,,,,,,1,,,,3,,,,,,,2,,1,,1,,,,,,,,,,,,1,,,,,,,,,,,,,,,,,1,,,,,,,,,,,,,,,,,,,,,,,,,,,,,,,,,,,,,,,,,,1,,,,,,
18,2020-03-20,273,,15,2,71,,119,1,7,,9,3,7,3,,,6,,2,,1,1,2,,7,,1,,4,1,,,,,,,,,,1,,,,3,,,,,,,2,,1,,1,,,,,,,,,,,,1,,,,,,,,,,,,,,,,,1,,,,,,,,,,,,,,,,,,,,,,,,,,,,,,,,,,,,,,,,,,1,,,,,,
19,2020-03-21,296,,16,2,78,,121,1,8,,10,3,9,6,,,6,,2,,1,2,2,,8,,1,,4,1,,,,,,,,,2,1,,,,3,1,,,,,,2,,1,,1,,,,,1,,,,,,,1,,,,,,,,,,,,,,,,,1,,,,,,,,,,,,,,,,,,,,,,,,,,,,,,,,,,,,,,,,,,1,,,,,,
20,2020-03-22,311,,16,2,84,,122,1,8,,13,3,10,7,,,6,,2,,1,2,2,,8,,1,,4,1,,,,,,,,,4,1,,,,3,2,,,,,,2,,1,,1,,,,,1,,,,,,,1,,,,,,,,,,,,,,,,,1,,,,,,,,,,,,,,,,,,,,,,,,,,,,,,,,,,,,,,,,,,1,,,,,,
21,2020-03-23,329,,17,2,93,,126,1,9,,13,3,11,7,,,7,,2,,2,2,2,,8,,1,,4,1,,,,,,,,,4,1,,,,3,2,,,,,,2,,1,,1,,,,,1,,,,,,,1,,,,,,,,,,,,,,,,,1,,,,,,,,,,,,,,,,,,,,,,,,,,,,,,,,,,,,,,,,,,1,,,,,,
22,2020-03-24,356,,21,2,102,,129,1,11,,15,3,11,11,,,7,,2,,2,2,2,,10,,1,,4,1,,,,,,1,,,4,1,,,,3,2,,,,,,2,,1,,1,,,,,1,,,,,,,1,,,,,,,,,,,,,,,,,1,,,,,,,,,,,,,,,,,,,,,,,,,,,,,,,,,,,,,,,,,,1,,,,,,
23,2020-03-25,384,,23,2,106,,136,1,11,,17,3,13,12,,,7,,2,,5,2,2,,12,,1,,4,1,,,,,,1,,,5,1,,,1,3,2,,,,,,2,,2,,1,,,,,2,1,,,,,,1,,,,,,,,,,,,,,,,,1,,,,,,,,,,,,,,,,,,,,,,,,,,,,,,,,,,,,,,,,,,1,,,,,,
24,2020-03-26,417,,26,3,123,,139,1,11,,18,3,13,12,,,7,,2,,9,2,2,,13,,1,,4,1,,,,,,1,,,5,1,,,1,3,2,,,,,,3,,2,,1,,,,,2,1,,,,,,1,,,,,,,,,,,,,,,,,1,,,1,,,,,,,,,,,,,,,,,,,,,,,,1,,,,,,,,,,,,,,,1,,,,,,
25,2020-03-27,450,,29,4,132,,139,1,12,,24,3,16,14,,,7,,2,,9,2,2,,14,,1,,4,1,,,,,,1,2,,7,1,,,1,3,2,,,,,,3,,2,,1,,,,,2,4,,,,,,1,,,,,,,,,,,,,,,,,1,,,1,,,,,,,,,,,,,,,,,,,,,,,,1,,,,,,,,,,,,,,,1,,,,,,
26,2020-03-28,473,,31,5,140,,141,1,14,,26,3,19,14,,,7,,2,,9,2,2,,14,,1,,4,2,,,,,,1,2,,7,1,,,1,3,2,,,,,,3,,4,,1,,,,,2,4,,,,,,1,,,,,,,,,,,,,,,,,1,,,1,,,,,,,,,,,,,,,,,,,,,,,,1,,,,,,,,,,,,,,,1,,,,,,
27,2020-03-29,490,,31,5,143,,142,1,14,,29,3,22,14,,,7,,2,,10,2,2,,14,,1,,4,2,,,,,,1,2,,7,1,,,1,3,2,,,,,,4,,6,,1,,2,,,2,4,,,,,,1,,,,,,,,,,,,,,,,,1,,,1,,,,,,,,,,,,,,,,,,,,,,,1,1,,,,,,,,,,,,,,,1,,,,,,
28,2020-03-30,505,,32,5,148,,142,1,15,,32,4,23,14,,,7,,2,,10,2,2,,14,,1,,4,2,,,,,,1,2,,7,1,,,1,3,2,,,,,,4,,9,,1,,2,,,2,4,,,,,,1,,,,,,,,,,,,,,,,,1,,,1,,,,,,,,,,,,,,,,,,,,,,,1,1,,,,,,,,,,,,,,,1,,,,,,
29,2020-03-31,525,,37,5,155,,144,1,15,,32,5,25,15,,,7,,2,,10,2,2,,14,,1,,4,2,,,,,,1,3,,7,1,,,1,3,2,,,,,,4,,9,,1,,2,,,2,4,,,,,,1,,,,,,,,,,,,,,,,,1,,,1,,,,,,,,,,,,,,,,,,,,,1,,1,1,,,,,,,,,,,,,,,1,,,,,,
30,2020-04-01,547,,39,5,162,,145,1,19,,33,6,25,16,,,7,,2,,10,2,2,,16,,1,,4,2,,,,,,2,3,,7,1,,,1,3,2,,,,,1,4,,9,,1,,2,,,2,4,,,,,,1,,,1,,,,,,,,,,,,,,1,,,1,,,,,,,,,,,,,,,,,,,,,1,,1,1,,,,,,,,,,,,,,,1,,,,,,
31,2020-04-02,568,,44,5,163,,147,1,21,,34,7,27,17,,,7,,2,,10,3,3,,16,,1,,4,2,,,,,,3,4,,7,1,,,1,3,2,,,,,1,4,,9,,1,,2,,,2,4,,,,,,1,,,1,,,,,,,1,,,,,,,1,,,1,,,,,,,,,,,,,,,,,,,,,1,,1,1,,,,,,,,,,,,,,,1,,,,,,1
32,2020-04-03,587,,46,5,169,,147,1,22,,37,7,28,17,,1,7,,2,,10,3,3,,17,,1,,4,2,1,,,,,3,4,,7,1,,,1,3,2,,,,,1,4,,9,,1,,2,,,2,4,,,,,,1,,,1,,,,,,,2,,,,,,,1,,,2,,,,,1,,,,,,,,,,,,,,,,1,,1,1,,,,,,,,,,,,,,,1,,,,,,1
33,2020-04-04,597,,48,5,170,,147,1,23,,39,7,30,17,,1,7,,2,,11,3,3,,17,,1,,4,2,1,,,,,3,4,,8,1,,,1,3,2,,,,,1,4,,9,,1,,2,,,2,4,,,,,,1,,,1,,,,,,,2,,,,,,,1,,,2,,,,,1,,,,,,,,,,,,,,,,1,,1,1,,,,,,,,,,,,,,,1,,,,,,1
34,2020-04-05,600,,48,5,171,,147,1,23,,39,7,30,17,,1,7,,2,,11,3,3,,19,,1,,4,2,1,,,,,3,4,,8,1,,,1,3,2,,,,,1,4,,9,,1,,2,,,2,4,,,,,,1,,,1,,,,,,,2,,,,,,,1,,,2,,,,,1,,,,,,,,,,,,,,,,1,,1,1,,,,,,,,,,,,,,,1,,,,,,1
35,2020-04-06,604,,48,5,171,,147,1,23,,40,7,30,17,,1,7,,2,,11,4,3,,20,,1,,4,3,1,,,,,3,4,,8,1,,,1,3,2,,,,,1,4,,9,,1,,2,,,2,4,,,,,,1,,,1,,,,,,,2,,,,,,,1,,,2,,,,,1,,,,,,,,,,,,,,,,1,,1,1,,,,,,,,,,,,,,,1,,,,,,1
36,2020-04-07,609,,48,6,171,,147,2,23,,42,7,30,17,,1,7,,2,,11,4,3,,20,,1,,4,3,1,,,,,3,4,,8,1,,,1,3,2,,,,,1,4,1,9,,1,,2,,,2,4,,,,,,1,,,1,,,,,,,2,,,,,,,1,,,2,,,,,1,,,,,,,,,,,,,,,,1,,1,1,,,,,,,,,,,,,,,1,,,,,,1
37,2020-04-08,620,,49,6,176,,147,2,23,,45,7,30,17,,1,7,,2,,12,4,3,,20,,1,,4,3,1,,,,,3,4,,8,1,,,1,3,2,,,,,1,4,1,10,,1,,2,,,2,4,,,,,,1,,,1,,,,,,,2,,,,,,,1,,,2,,,,,1,,,,,,,,,,,,,,,,1,,1,1,,,,,,,,,,,,,,,1,,,,,,1
38,2020-04-09,628,,49,6,179,,147,2,23,,47,7,30,20,,1,7,,2,,12,4,3,,20,,1,,4,3,1,,,,,3,4,,8,1,,,1,3,2,,,,,1,4,1,10,,1,,2,,,2,4,,,,,,1,,,1,,,,,,,2,,,,,,,1,,,2,,,,,1,,,,,,,,,,,,,,,,1,,1,1,,,,,,,,,,,,,,,1,,,,,,1
39,2020-04-10,632,,50,6,179,,147,2,23,,49,7,30,20,,1,7,,2,,12,4,3,,20,,1,,4,3,1,,,,,3,4,,8,1,,,1,4,2,,,,,1,4,1,10,,1,,2,,,2,4,,,,,,1,,,1,,,,,,,2,,,,,,,1,,,2,,,,,1,,,,,,,,,,,,,,,,1,,1,1,,,,,,,,,,,,,,,1,,,,,,1
40,2020-04-11,636,,50,6,179,,149,2,23,,50,7,31,20,,1,7,,2,,12,4,3,,20,,1,,4,3,1,,,,,3,4,,8,1,,,1,4,2,,,,,1,4,1,10,,1,,2,,,2,4,,,,,,1,,,1,,,,,,,2,,,,,,,1,,,2,,,,,1,,,,,,,,,,,,,,,,1,,1,1,,,,,,,,,,,,,,,1,,,,,,1
41,2020-04-12,636,,50,6,179,,149,2,23,,50,7,31,20,,1,7,,2,,12,4,3,,20,,1,,4,3,1,,,,,3,4,,8,1,,,1,4,2,,,,,1,4,1,10,,1,,2,,,2,4,,,,,,1,,,1,,,,,,,2,,,,,,,1,,,2,,,,,1,,,,,,,,,,,,,,,,1,,1,1,,,,,,,,,,,,,,,1,,,,,,1
42,2020-04-13,636,,50,6,179,,149,2,23,,50,7,31,20,,1,7,,2,,12,4,3,,20,,1,,4,3,1,,,,,3,4,,8,1,,,1,4,2,,,,,1,4,1,10,,1,,2,,,2,4,,,,,,1,,,1,,,,,,,2,,,,,,,1,,,2,,,,,1,,,,,,,,,,,,,,,,1,,1,1,,,,,,,,,,,,,,,1,,,,,,1
43,2020-04-14,636,,50,6,179,,149,2,23,,50,7,31,20,,1,7,,2,,12,4,3,,20,,1,,4,3,1,,,,,3,4,,8,1,,,1,4,2,,,,,1,4,1,10,,1,,2,,,2,4,,,,,,1,,,1,,,,,,,2,,,,,,,1,,,2,,,,,1,,,,,,,,,,,,,,,,1,,1,1,,,,,,,,,,,,,,,1,,,,,,1
44,2020-04-15,643,,51,6,179,,149,2,23,,51,7,31,20,,1,7,,2,,12,5,3,,20,,1,,4,3,1,,,,,3,5,,8,1,,,1,4,2,,,,,2,4,1,10,,1,1,2,,,2,4,,,,,,1,,,1,,,,,,,2,,,,,,,1,,,2,,,,,1,,,,,,,,,,,,,,,,1,,1,1,,,,,,,,,,,,,,,1,,,,,1,1
45,2020-04-16,646,,51,6,179,,150,2,23,,51,7,31,21,,1,7,,2,,12,5,3,,20,,1,,4,4,1,,,,,3,5,,8,1,,,1,4,2,,,,,2,4,1,10,,1,1,2,,,2,4,,,,,,1,,,1,,,,,,,2,,,,,,,1,,,2,,,,,1,,,,,,,,,,,,,,,,1,,1,1,,,,,,,,,,,,,,,1,,,,,1,1
46,2020-04-17,651,,53,6,179,,150,2,23,,51,7,31,21,,1,7,,3,,12,6,3,,20,,1,,4,4,1,,,,,3,6,,8,1,,,1,4,2,,,,,2,4,1,10,,1,1,2,,,2,4,,,,,,1,,,1,,,,,,,2,,,,,,,1,,,2,,,,,1,,,,,,,,,,,,,,,,1,,1,1,,,,,,,,,,,,,,,1,,,,,1,1
47,2020-04-18,652,,54,6,179,,150,2,23,,51,7,31,21,,1,7,,3,,12,6,3,,20,,1,,4,4,1,,,,,3,6,,8,1,,,1,4,2,,,,,2,4,1,10,,1,1,2,,,2,4,,,,,,1,,,1,,,,,,,2,,,,,,,1,,,2,,,,,1,,,,,,,,,,,,,,,,1,,1,1,,,,,,,,,,,,,,,1,,,,,1,1
48,2020-04-19,653,,55,6,179,,150,2,23,,51,7,31,21,,1,7,,3,,12,6,3,,20,,1,,4,4,1,,,,,3,6,,8,1,,,1,4,2,,,,,2,4,1,10,,1,1,2,,,2,4,,,,,,1,,,1,,,,,,,2,,,,,,,1,,,2,,,,,1,,,,,,,,,,,,,,,,1,,1,1,,,,,,,,,,,,,,,1,,,,,1,1
49,2020-04-20,659,,58,6,180,,150,2,23,,52,7,31,21,,1,7,,3,,12,6,3,,20,,1,,4,4,1,,,,,3,6,,8,1,,,1,5,2,,,,,2,4,1,10,,1,1,2,,,2,4,,,,,,1,,,1,,,,,,,2,,,,,,,1,,,2,,,,,1,,,,,,,,,,,,,,,,1,,1,1,,,,,,,,,,,,,,,1,,,,,1,1
50,2020-04-21,662,,59,6,181,,150,2,23,,52,7,31,21,,1,7,,3,,12,6,3,,20,,1,,4,4,1,,,,,3,6,,9,1,,,1,5,2,,,,,2,4,1,10,,1,1,2,,,2,4,,,,,,1,,,1,,,,,,,2,,,,,,,1,,,2,,,,,1,,,,,,,,,,,,,,,,1,,1,1,,,,,,,,,,,,,,,1,,,,,1,1
51,2020-04-22,667,,62,7,182,,150,2,23,,52,7,31,21,,1,7,,3,,12,6,3,,20,,1,,4,4,1,,,,,3,6,,9,1,,,1,5,2,,,,,2,4,1,10,,1,1,2,,,2,4,,,,,,1,,,1,,,,,,,2,,,,,,,1,,,2,,,,,1,,,,,,,,,,,,,,,,1,,1,1,,,,,,,,,,,,,,,1,,,,,1,1
52,2020-04-23,669,,63,7,183,,150,2,23,,52,7,31,21,,1,7,,3,,12,6,3,,20,,1,,4,4,1,,,,,3,6,,9,1,,,1,5,2,,,,,2,4,1,10,,1,1,2,,,2,4,,,,,,1,,,1,,,,,,,2,,,,,,,1,,,2,,,,,1,,,,,,,,,,,,,,,,1,,1,1,,,,,,,,,,,,,,,1,,,,,1,1
53,2020-04-24,671,,64,7,184,,150,2,23,,52,7,31,21,,1,7,,3,,12,6,3,,20,,1,,4,4,1,,,,,3,6,,9,1,,,1,5,2,,,,,2,4,1,10,,1,1,2,,,2,4,,,,,,1,,,1,,,,,,,2,,,,,,,1,,,2,,,,,1,,,,,,,,,,,,,,,,1,,1,1,,,,,,,,,,,,,,,1,,,,,1,1
54,2020-04-25,673,,65,7,184,,150,2,23,,52,7,31,21,,1,7,,3,,12,6,3,,20,,1,,4,4,1,,,,,3,6,,10,1,,,1,5,2,,,,,2,4,1,10,,1,1,2,,,2,4,,,,,,1,,,1,,,,,,,2,,,,,,,1,,,2,,,,,1,,,,,,,,,,,,,,,,1,,1,1,,,,,,,,,,,,,,,1,,,,,1,1
55,2020-04-26,673,,65,7,184,,150,2,23,,52,7,31,21,,1,7,,3,,12,6,3,,20,,1,,4,4,1,,,,,3,6,,10,1,,,1,5,2,,,,,2,4,1,10,,1,1,2,,,2,4,,,,,,1,,,1,,,,,,,2,,,,,,,1,,,2,,,,,1,,,,,,,,,,,,,,,,1,,1,1,,,,,,,,,,,,,,,1,,,,,1,1
56,2020-04-27,673,,65,7,184,,150,2,23,,52,7,31,21,,1,7,,3,,12,6,3,,20,,1,,4,4,1,,,,,3,6,,10,1,,,1,5,2,,,,,2,4,1,10,,1,1,2,,,2,4,,,,,,1,,,1,,,,,,,2,,,,,,,1,,,2,,,,,1,,,,,,,,,,,,,,,,1,,1,1,,,,,,,,,,,,,,,1,,,,,1,1
57,2020-04-28,674,,66,7,184,,150,2,23,,52,7,31,21,,1,7,,3,,12,6,3,,20,,1,,4,4,1,,,,,3,6,,10,1,,,1,5,2,,,,,2,4,1,10,,1,1,2,,,2,4,,,,,,1,,,1,,,,,,,2,,,,,,,1,,,2,,,,,1,,,,,,,,,,,,,,,,1,,1,1,,,,,,,,,,,,,,,1,,,,,1,1
58,2020-04-29,675,,66,7,184,,150,2,23,,52,7,31,21,,1,7,,3,,12,6,4,,20,,1,,4,4,1,,,,,3,6,,10,1,,,1,5,2,,,,,2,4,1,10,,1,1,2,,,2,4,,,,,,1,,,1,,,,,,,2,,,,,,,1,,,2,,,,,1,,,,,,,,,,,,,,,,1,,1,1,,,,,,,,,,,,,,,1,,,,,1,1
59,2020-04-30,679,2,67,7,185,,150,2,23,,52,7,31,21,,1,7,,3,,12,6,4,,20,,1,,4,4,1,,,,,3,6,,10,1,,,1,5,2,,,,,2,4,1,10,,1,1,2,,,2,4,,,,,,1,,,1,,,,,,,2,,,,,,,1,,,2,,,,,1,,,,,,,,,,,,,,,,1,,1,1,,,,,,,,,,,,,,,1,,,,,1,1
60,2020-05-01,679,2,67,7,185,,150,2,23,,52,7,31,21,,1,7,,3,,12,6,4,,20,,1,,4,4,1,,,,,3,6,,10,1,,,1,5,2,,,,,2,4,1,10,,1,1,2,,,2,4,,,,,,1,,,1,,,,,,,2,,,,,,,1,,,2,,,,,1,,,,,,,,,,,,,,,,1,,1,1,,,,,,,,,,,,,,,1,,,,,1,1
61,2020-05-02,680,2,67,7,186,,150,2,23,,52,7,31,21,,1,7,,3,,12,6,4,,20,,1,,4,4,1,,,,,3,6,,10,1,,,1,5,2,,,,,2,4,1,10,,1,1,2,,,2,4,,,,,,1,,,1,,,,,,,2,,,,,,,1,,,2,,,,,1,,,,,,,,,,,,,,,,1,,1,1,,,,,,,,,,,,,,,1,,,,,1,1
62,2020-05-03,684,3,70,7,186,,150,2,23,,52,7,31,21,,1,7,,3,,12,6,4,,20,,1,,4,4,1,,,,,3,6,,10,1,,,1,5,2,,,,,2,4,1,10,,1,1,2,,,2,4,,,,,,1,,,1,,,,,,,2,,,,,,,1,,,2,,,,,1,,,,,,,,,,,,,,,,1,,1,1,,,,,,,,,,,,,,,1,,,,,1,1
63,2020-05-04,685,3,70,7,186,,150,2,23,,52,7,31,22,,1,7,,3,,12,6,4,,20,,1,,4,4,1,,,,,3,6,,10,1,,,1,5,2,,,,,2,4,1,10,,1,1,2,,,2,4,,,,,,1,,,1,,,,,,,2,,,,,,,1,,,2,,,,,1,,,,,,,,,,,,,,,,1,,1,1,,,,,,,,,,,,,,,1,,,,,1,1
64,2020-05-05,686,3,70,7,186,,150,2,23,,52,7,31,22,,1,7,,3,,12,6,5,,20,,1,,4,4,1,,,,,3,6,,10,1,,,1,5,2,,,,,2,4,1,10,,1,1,2,,,2,4,,,,,,1,,,1,,,,,,,2,,,,,,,1,,,2,,,,,1,,,,,,,,,,,,,,,,1,,1,1,,,,,,,,,,,,,,,1,,,,,1,1
65,2020-05-06,693,3,72,7,187,,150,2,23,,54,7,31,23,,1,7,,3,,12,6,5,,20,,1,,4,4,1,,,,,3,6,,10,1,,,1,5,2,,,,,2,4,1,10,,1,2,2,,,2,4,,,,,,1,,,1,,,,,,,2,,,,,,,1,,,2,,,,,1,,,,,,,,,,,,,,,,1,,1,1,,,,,,,,,,,,,,,1,,,,,1,1
66,2020-05-07,696,5,72,7,187,,150,2,23,,54,7,31,23,,1,7,,3,,12,6,5,,20,,1,,4,4,1,,,,,3,6,,10,1,,,1,5,2,,,,,2,4,1,10,,1,2,3,,,2,4,,,,,,1,,,1,,,,,,,2,,,,,,,1,,,2,,,,,1,,,,,,,,,,,,,,,,1,,1,1,,,,,,,,,,,,,,,1,,,,,1,1
67,2020-05-08,697,5,72,7,187,,150,2,23,,55,7,31,23,,1,7,,3,,12,6,5,,20,,1,,4,4,1,,,,,3,6,,10,1,,,1,5,2,,,,,2,4,1,10,,1,2,3,,,2,4,,,,,,1,,,1,,,,,,,2,,,,,,,1,,,2,,,,,1,,,,,,,,,,,,,,,,1,,1,1,,,,,,,,,,,,,,,1,,,,,1,1
68,2020-05-09,697,5,72,7,187,,150,2,23,,55,7,31,23,,1,7,,3,,12,6,5,,20,,1,,4,4,1,,,,,3,6,,10,1,,,1,5,2,,,,,2,4,1,10,,1,2,3,,,2,4,,,,,,1,,,1,,,,,,,2,,,,,,,1,,,2,,,,,1,,,,,,,,,,,,,,,,1,,1,1,,,,,,,,,,,,,,,1,,,,,1,1
69,2020-05-10,697,5,72,7,187,,150,2,23,,55,7,31,23,,1,7,,3,,12,6,5,,20,,1,,4,4,1,,,,,3,6,,10,1,,,1,5,2,,,,,2,4,1,10,,1,2,3,,,2,4,,,,,,1,,,1,,,,,,,2,,,,,,,1,,,2,,,,,1,,,,,,,,,,,,,,,,1,,1,1,,,,,,,,,,,,,,,1,,,,,1,1
70,2020-05-11,698,5,73,7,187,,150,2,23,,55,7,31,23,,1,7,,3,,12,6,5,,20,,1,,4,4,1,,,,,3,6,,10,1,,,1,5,2,,,,,2,4,1,10,,1,2,3,,,2,4,,,,,,1,,,1,,,,,,,2,,,,,,,1,,,2,,,,,1,,,,,,,,,,,,,,,,1,,1,1,,,,,,,,,,,,,,,1,,,,,1,1
71,2020-05-12,699,5,73,8,187,,150,2,23,,55,7,31,23,,1,7,,3,,12,6,5,,20,,1,,4,4,1,,,,,3,6,,10,1,,,1,5,2,,,,,2,4,1,10,,1,2,3,,,2,4,,,,,,1,,,1,,,,,,,2,,,,,,,1,,,2,,,,,1,,,,,,,,,,,,,,,,1,,1,1,,,,,,,,,,,,,,,1,,,,,1,1
72,2020-05-13,701,5,73,8,187,,150,2,23,,55,7,31,23,,1,7,,3,,12,6,6,,20,,1,1,4,4,1,,,,,3,6,,10,1,,,1,5,2,,,,,2,4,1,10,,1,2,3,,,2,4,,,,,,1,,,1,,,,,,,2,,,,,,,1,,,2,,,,,1,,,,,,,,,,,,,,,,1,,1,1,,,,,,,,,,,,,,,1,,,,,1,1
73,2020-05-14,705,5,76,8,187,,150,2,23,,56,7,31,23,,1,7,,3,,12,6,6,,20,,1,1,4,4,1,,,,,3,6,,10,1,,,1,5,2,,,,,2,4,1,10,,1,2,3,,,2,4,,,,,,1,,,1,,,,,,,2,,,,,,,1,,,2,,,,,1,,,,,,,,,,,,,,,,1,,1,1,,,,,,,,,,,,,,,1,,,,,1,1
74,2020-05-15,712,9,79,8,187,,150,2,23,,56,7,31,23,,1,7,,3,,12,6,6,,20,,1,1,4,4,1,,,,,3,6,,10,1,,,1,5,2,,,,,2,4,1,10,,1,2,3,,,2,4,,,,,,1,,,1,,,,,,,2,,,,,,,1,,,2,,,,,1,,,,,,,,,,,,,,,,1,,1,1,,,,,,,,,,,,,,,1,,,,,1,1
75,2020-05-16,716,10,82,8,187,,150,2,23,,56,7,31,23,,1,7,,3,,12,6,6,,20,,1,1,4,4,1,,,,,3,6,,10,1,,,1,5,2,,,,,2,4,1,10,,1,2,3,,,2,4,,,,,,1,,,1,,,,,,,2,,,,,,,1,,,2,,,,,1,,,,,,,,,,,,,,,,1,,1,1,,,,,,,,,,,,,,,1,,,,,1,1
76,2020-05-17,719,10,84,8,187,,150,2,23,,56,7,31,23,,1,7,,3,,12,6,7,,20,,1,1,4,4,1,,,,,3,6,,10,1,,,1,5,2,,,,,2,4,1,10,,1,2,3,,,2,4,,,,,,1,,,1,,,,,,,2,,,,,,,1,,,2,,,,,1,,,,,,,,,,,,,,,,1,,1,1,,,,,,,,,,,,,,,1,,,,,1,1
77,2020-05-18,722,10,85,8,187,,150,2,23,,57,7,31,24,,1,7,,3,,12,6,7,,20,,1,1,4,4,1,,,,,3,6,,10,1,,,1,5,2,,,,,2,4,1,10,,1,2,3,,,2,4,,,,,,1,,,1,,,,,,,2,,,,,,,1,,,2,,,,,1,,,,,,,,,,,,,,,,1,,1,1,,,,,,,,,,,,,,,1,,,,,1,1
78,2020-05-19,725,10,85,8,187,,150,2,23,1,59,7,31,24,,1,7,,3,,12,6,7,,20,,1,1,4,4,1,,,,,3,6,,10,1,,,1,5,2,,,,,2,4,1,10,,1,2,3,,,2,4,,,,,,1,,,1,,,,,,,2,,,,,,,1,,,2,,,,,1,,,,,,,,,,,,,,,,1,,1,1,,,,,,,,,,,,,,,1,,,,,1,1
79,2020-05-20,726,10,86,8,187,,150,2,23,1,59,7,31,24,,1,7,,3,,12,6,7,,20,,1,1,4,4,1,,,,,3,6,,10,1,,,1,5,2,,,,,2,4,1,10,,1,2,3,,,2,4,,,,,,1,,,1,,,,,,,2,,,,,,,1,,,2,,,,,1,,,,,,,,,,,,,,,,1,,1,1,,,,,,,,,,,,,,,1,,,,,1,1
80,2020-05-21,729,10,87,8,187,,150,2,23,1,61,7,31,24,,1,7,,3,,12,6,7,,20,,1,1,4,4,1,,,,,3,6,,10,1,,,1,5,2,,,,,2,4,1,10,,1,2,3,,,2,4,,,,,,1,,,1,,,,,,,2,,,,,,,1,,,2,,,,,1,,,,,,,,,,,,,,,,1,,1,1,,,,,,,,,,,,,,,1,,,,,1,1
81,2020-05-22,735,11,88,8,187,,150,2,23,2,63,7,31,24,,1,7,,3,,12,6,7,,20,,1,1,5,4,1,,,,,3,6,,10,1,,,1,5,2,,,,,2,4,1,10,,1,2,3,,,2,4,,,,,,1,,,1,,,,,,,2,,,,,,,1,,,2,,,,,1,,,,,,,,,,,,,,,,1,,1,1,,,,,,,,,,,,,,,1,,,,,1,1
82,2020-05-23,736,11,88,8,187,,150,2,23,2,63,7,31,24,,1,7,,3,,12,6,7,,20,,1,1,5,4,1,,,,,3,6,,10,1,,,1,5,2,,,,,2,4,1,10,,1,2,3,,,2,4,,,,,,1,,,1,,,,,,,3,,,,,,,1,,,2,,,,,1,,,,,,,,,,,,,,,,1,,1,1,,,,,,,,,,,,,,,1,,,,,1,1
83,2020-05-24,737,11,88,8,187,,150,2,23,2,63,7,31,24,,1,7,,3,,12,6,7,,20,,1,1,5,4,1,,,,,3,6,,10,1,,,1,5,2,,,,,2,4,1,10,,1,2,3,,,2,4,,,,,,1,,,1,,,,,,,3,,,,,1,,1,,,2,,,,,1,,,,,,,,,,,,,,,,1,,1,1,,,,,,,,,,,,,,,1,,,,,1,1
84,2020-05-25,738,12,88,8,187,,150,2,23,2,63,7,31,24,,1,7,,3,,12,6,7,,20,,1,1,5,4,1,,,,,3,6,,10,1,,,1,5,2,,,,,2,4,1,10,,1,2,3,,,2,4,,,,,,1,,,1,,,,,,,3,,,,,1,,1,,,2,,,,,1,,,,,,,,,,,,,,,,1,,1,1,,,,,,,,,,,,,,,1,,,,,1,1
85,2020-05-26,739,12,89,8,187,,150,2,23,2,63,7,31,24,,1,7,,3,,12,6,7,,20,,1,1,5,4,1,,,,,3,6,,10,1,,,1,5,2,,,,,2,4,1,10,,1,2,3,,,2,4,,,,,,1,,,1,,,,,,,3,,,,,1,,1,,,2,,,,,1,,,,,,,,,,,,,,,,1,,1,1,,,,,,,,,,,,,,,1,,,,,1,1
86,2020-05-27,739,12,89,8,187,,150,2,23,2,63,7,31,24,,1,7,,3,,12,6,7,,20,,1,1,5,4,1,,,,,3,6,,10,1,,,1,5,2,,,,,2,4,1,10,,1,2,3,,,2,4,,,,,,1,,,1,,,,,,,3,,,,,1,,1,,,2,,,,,1,,,,,,,,,,,,,,,,1,,1,1,,,,,,,,,,,,,,,1,,,,,1,1
87,2020-05-28,740,13,89,8,187,,150,2,23,2,63,7,31,24,,1,7,,3,,12,6,7,,20,,1,1,5,4,1,,,,,3,6,,10,1,,,1,5,2,,,,,2,4,1,10,,1,2,3,,,2,4,,,,,,1,,,1,,,,,,,3,,,,,1,,1,,,2,,,,,1,,,,,,,,,,,,,,,,1,,1,1,,,,,,,,,,,,,,,1,,,,,1,1
88,2020-05-29,741,13,89,8,188,,150,2,23,2,63,7,31,24,,1,7,,3,,12,6,7,,20,,1,1,5,4,1,,,,,3,6,,10,1,,,1,5,2,,,,,2,4,1,10,,1,2,3,,,2,4,,,,,,1,,,1,,,,,,,3,,,,,1,,1,,,2,,,,,1,,,,,,,,,,,,,,,,1,,1,1,,,,,,,,,,,,,,,1,,,,,1,1
89,2020-05-30,742,14,89,8,188,,150,2,23,2,63,7,31,24,,1,7,,3,,12,6,7,,20,,1,1,5,4,1,,,,,3,6,,10,1,,,1,5,2,,,,,2,4,1,10,,1,2,3,,,2,4,,,,,,1,,,1,,,,,,,3,,,,,1,,1,,,2,,,,,1,,,,,,,,,,,,,,,,1,,1,1,,,,,,,,,,,,,,,1,,,,,1,1
90,2020-05-31,742,14,89,8,188,,150,2,23,2,63,7,31,24,,1,7,,3,,12,6,7,,20,,1,1,5,4,1,,,,,3,6,,10,1,,,1,5,2,,,,,2,4,1,10,,1,2,3,,,2,4,,,,,,1,,,1,,,,,,,3,,,,,1,,1,,,2,,,,,1,,,,,,,,,,,,,,,,1,,1,1,,,,,,,,,,,,,,,1,,,,,1,1
91,2020-06-01,742,14,89,8,188,,150,2,23,2,63,7,31,24,,1,7,,3,,12,6,7,,20,,1,1,5,4,1,,,,,3,6,,10,1,,,1,5,2,,,,,2,4,1,10,,1,2,3,,,2,4,,,,,,1,,,1,,,,,,,3,,,,,1,,1,,,2,,,,,1,,,,,,,,,,,,,,,,1,,1,1,,,,,,,,,,,,,,,1,,,,,1,1
92,2020-06-02,747,17,89,8,188,,150,2,24,2,63,7,31,24,,1,7,,3,,12,6,7,,20,1,1,1,5,4,1,,,,,3,6,,10,1,,,1,5,2,,,,,2,4,1,10,,1,2,3,,,2,4,,,,,,1,,,1,,,,,,,3,,,,,1,,1,,,2,,,,,1,,,,,,,,,,,,,,,,1,,1,1,,,,,,,,,,,,,,,1,,,,,1,1
93,2020-06-03,750,18,89,8,188,,151,2,24,2,63,7,31,24,,1,7,,3,,12,6,7,,21,1,1,1,5,4,1,,,,,3,6,,10,1,,,1,5,2,,,,,2,4,1,10,,1,2,3,,,2,4,,,,,,1,,,1,,,,,,,3,,,,,1,,1,,,2,,,,,1,,,,,,,,,,,,,,,,1,,1,1,,,,,,,,,,,,,,,1,,,,,1,1
94,2020-06-04,755,19,91,8,188,,151,4,24,2,63,7,31,24,,1,7,,3,,12,6,7,,21,1,1,1,5,4,1,,,,,3,6,,10,1,,,1,5,2,,,,,2,4,1,10,,1,2,3,,,2,4,,,,,,1,,,1,,,,,,,3,,,,,1,,1,,,2,,,,,1,,,,,,,,,,,,,,,,1,,1,1,,,,,,,,,,,,,,,1,,,,,1,1
95,2020-06-05,757,21,91,8,188,,151,4,24,2,63,7,31,24,,1,7,,3,,12,6,7,,21,1,1,1,5,4,1,,,,,3,6,,10,1,,,1,5,2,,,,,2,4,1,10,,1,2,3,,,2,4,,,,,,1,,,1,,,,,,,3,,,,,1,,1,,,2,,,,,1,,,,,,,,,,,,,,,,1,,1,1,,,,,,,,,,,,,,,1,,,,,1,1
96,2020-06-06,759,21,92,8,188,,151,4,24,2,63,7,31,24,,1,7,,3,,12,6,8,,21,1,1,1,5,4,1,,,,,3,6,,10,1,,,1,5,2,,,,,2,4,1,10,,1,2,3,,,2,4,,,,,,1,,,1,,,,,,,3,,,,,1,,1,,,2,,,,,1,,,,,,,,,,,,,,,,1,,1,1,,,,,,,,,,,,,,,1,,,,,1,1
97,2020-06-07,762,22,92,8,188,,151,4,24,2,64,7,31,24,,1,7,,3,,12,6,8,,21,1,1,2,5,4,1,,,,,3,6,,10,1,,,1,5,2,,,,,2,4,1,10,,1,2,3,,,2,4,,,,,,1,,,1,,,,,,,3,,,,,1,,1,,,2,,,,,1,,,,,,,,,,,,,,,,1,,1,1,,,,,,,,,,,,,,,1,,,,,1,1
98,2020-06-08,762,22,92,8,188,,151,4,24,2,64,7,31,24,,1,7,,3,,12,6,8,,21,1,1,2,5,4,1,,,,,3,6,,10,1,,,1,5,2,,,,,2,4,1,10,,1,2,3,,,2,4,,,,,,1,,,1,,,,,,,3,,,,,1,,1,,,2,,,,,1,,,,,,,,,,,,,,,,1,,1,1,,,,,,,,,,,,,,,1,,,,,1,1
99,2020-06-09,766,24,92,8,188,,151,4,24,2,65,7,32,24,,1,7,,3,,12,6,8,,21,1,1,2,5,4,1,,,,,3,6,,10,1,,,1,5,2,,,,,2,4,1,10,,1,2,3,,,2,4,,,,,,1,,,1,,,,,,,3,,,,,1,,1,,,2,,,,,1,,,,,,,,,,,,,,,,1,,1,1,,,,,,,,,,,,,,,1,,,,,1,1
100,2020-06-10,771,26,92,8,188,,151,5,24,2,65,7,32,24,,1,7,,3,,12,6,8,,21,1,1,3,5,4,1,,,,,3,6,,10,1,,,1,5,2,,,,,2,4,1,10,,1,2,3,,,2,4,,,,,,1,,,1,,,,,,,3,,,,,1,,1,,,2,,,,,1,,,,1,,,,,,,,,,,,1,,1,1,,,,,,,,,,,,,,,1,,,,,1,1
101,2020-06-11,774,28,92,8,188,,151,5,24,2,66,7,32,24,,1,7,,3,,12,6,8,,21,1,1,3,5,4,1,,,,,3,6,,10,1,,,1,5,2,,,,,2,4,1,10,,1,2,3,,,2,4,,,,,,1,,,1,,,,,,,3,,,,,1,,1,,,2,,,,,1,,,,1,,,,,,,,,,,,1,,1,1,,,,,,,,,,,,,,,1,,,,,1,1
102,2020-06-12,776,30,92,8,188,,151,5,24,2,66,7,32,24,,1,7,,3,,12,6,8,,21,1,1,3,5,4,1,,,,,3,6,,10,1,,,1,5,2,,,,,2,4,1,10,,1,2,3,,,2,4,,,,,,1,,,1,,,,,,,3,,,,,1,,1,,,2,,,,,1,,,,1,,,,,,,,,,,,1,,1,1,,,,,,,,,,,,,,,1,,,,,1,1
103,2020-06-13,776,30,92,8,188,,151,5,24,2,66,7,32,24,,1,7,,3,,12,6,8,,21,1,1,3,5,4,1,,,,,3,6,,10,1,,,1,5,2,,,,,2,4,1,10,,1,2,3,,,2,4,,,,,,1,,,1,,,,,,,3,,,,,1,,1,,,2,,,,,1,,,,1,,,,,,,,,,,,1,,1,1,,,,,,,,,,,,,,,1,,,,,1,1
104,2020-06-14,778,30,92,8,188,,151,5,24,2,66,7,32,24,,1,7,,3,,12,6,8,,22,1,1,3,6,4,1,,,,,3,6,,10,1,,,1,5,2,,,,,2,4,1,10,,1,2,3,,,2,4,,,,,,1,,,1,,,,,,,3,,,,,1,,1,,,2,,,,,1,,,,1,,,,,,,,,,,,1,,1,1,,,,,,,,,,,,,,,1,,,,,1,1
105,2020-06-15,779,31,92,8,188,,151,5,24,2,66,7,32,24,,1,7,,3,,12,6,8,,22,1,1,3,6,4,1,,,,,3,6,,10,1,,,1,5,2,,,,,2,4,1,10,,1,2,3,,,2,4,,,,,,1,,,1,,,,,,,3,,,,,1,,1,,,2,,,,,1,,,,1,,,,,,,,,,,,1,,1,1,,,,,,,,,,,,,,,1,,,,,1,1
106,2020-06-16,781,31,93,8,188,,151,5,24,2,67,7,32,24,,1,7,,3,,12,6,8,,22,1,1,3,6,4,1,,,,,3,6,,10,1,,,1,5,2,,,,,2,4,1,10,,1,2,3,,,2,4,,,,,,1,,,1,,,,,,,3,,,,,1,,1,,,2,,,,,1,,,,1,,,,,,,,,,,,1,,1,1,,,,,,,,,,,,,,,1,,,,,1,1
107,2020-06-17,785,32,93,8,188,,151,7,24,2,68,7,32,24,,1,7,,3,,12,6,8,,22,1,1,3,6,4,1,,,,,3,6,,10,1,,,1,5,2,,,,,2,4,1,10,,1,2,3,,,2,4,,,,,,1,,,1,,,,,,,3,,,,,1,,1,,,2,,,,,1,,,,1,,,,,,,,,,,,1,,1,1,,,,,,,,,,,,,,,1,,,,,1,1
108,2020-06-18,788,33,93,8,188,,151,8,24,2,68,7,32,24,,1,7,1,3,,12,6,8,,22,1,1,3,6,4,1,,,,,3,6,,10,1,,,1,5,2,,,,,2,4,1,10,,1,2,3,,,2,4,,,,,,1,,,1,,,,,,,3,,,,,1,,1,,,2,,,,,1,,,,1,,,,,,,,,,,,1,,1,1,,,,,,,,,,,,,,,1,,,,,1,1
109,2020-06-19,790,34,93,8,188,,151,9,24,2,68,7,32,24,,1,7,1,3,,12,6,8,,22,1,1,3,6,4,1,,,,,3,6,,10,1,,,1,5,2,,,,,2,4,1,10,,1,2,3,,,2,4,,,,,,1,,,1,,,,,,,3,,,,,1,,1,,,2,,,,,1,,,,1,,,,,,,,,,,,1,,1,1,,,,,,,,,,,,,,,1,,,,,1,1
110,2020-06-20,792,34,93,8,188,,151,10,24,2,68,7,32,24,,1,7,1,3,,12,6,9,,22,1,1,3,6,4,1,,,,,3,6,,10,1,,,1,5,2,,,,,2,4,1,10,,1,2,3,,,2,4,,,,,,1,,,1,,,,,,,3,,,,,1,,1,,,2,,,,,1,,,,1,,,,,,,,,,,,1,,1,1,,,,,,,,,,,,,,,1,,,,,1,1
111,2020-06-21,794,36,93,8,188,,151,10,24,2,68,7,32,24,,1,7,1,3,,12,6,9,,22,1,1,3,6,4,1,,,,,3,6,,10,1,,,1,5,2,,,,,2,4,1,10,,1,2,3,,,2,4,,,,,,1,,,1,,,,,,,3,,,,,1,,1,,,2,,,,,1,,,,1,,,,,,,,,,,,1,,1,1,,,,,,,,,,,,,,,1,,,,,1,1
112,2020-06-22,796,37,93,8,188,,151,10,24,2,69,7,32,24,,1,7,1,3,,12,6,9,,22,1,1,3,6,4,1,,,,,3,6,,10,1,,,1,5,2,,,,,2,4,1,10,,1,2,3,,,2,4,,,,,,1,,,1,,,,,,,3,,,,,1,,1,,,2,,,,,1,,,,1,,,,,,,,,,,,1,,1,1,,,,,,,,,,,,,,,1,,,,,1,1
113,2020-06-23,805,44,93,8,188,,151,10,24,3,69,7,32,24,,1,7,2,3,,12,6,9,,22,1,1,3,6,4,1,,,,,3,6,,10,1,,,1,5,2,,,,,2,4,1,10,,1,2,3,,,2,4,,,,,,1,,,1,,,,,,,3,,,,,1,,1,,,2,,,,,1,,,,1,,,,,,,,,,,,1,,1,1,,,,,,,,,,,,,,,1,,,,,1,1
114,2020-06-24,825,58,93,8,189,,151,10,24,3,71,7,32,24,,1,7,2,3,,12,6,9,,22,1,1,3,6,4,1,2,,,,3,6,,10,1,,,1,5,2,,,,,2,4,1,10,,1,2,3,,,2,4,,,,1,,1,,,1,,,,,,,3,,,,,1,,1,,,2,,,,,1,,,,1,,,,,,,,,,,,1,,1,1,,,,,,,,,,,,,,,1,,,,,1,1
115,2020-06-25,835,65,93,8,189,,151,12,24,3,71,7,32,24,,1,7,2,3,,12,6,9,,22,1,1,3,6,4,1,3,,,,3,6,,10,1,,,1,5,2,,,,,2,4,1,10,,1,2,3,,,2,4,,,,1,,1,,,1,,,,,,,3,,,,,1,,1,,,2,,,,,1,,,,1,,,,,,,,,,,,1,,1,1,,,,,,,,,,,,,,,1,,,,,1,1
116,2020-06-26,841,68,93,8,189,,151,12,24,3,71,7,32,24,,1,7,2,3,,12,6,9,,22,1,1,3,6,4,1,5,,,,3,6,,10,1,,,1,5,2,,,,,2,4,1,10,,1,2,3,,,2,4,,,,1,,1,,,1,,,,,,,3,,,,,1,,1,,,2,,,,,1,,,,1,,,,,,,,,,,,1,,1,1,,,,,,,,,,,,,,,1,,,,,1,1
117,2020-06-27,845,70,93,9,189,,151,12,24,3,71,7,32,24,,1,7,2,3,,12,6,9,,22,1,1,3,6,4,1,5,,,,3,6,,10,1,,,1,5,2,,,,,2,4,1,10,,1,2,3,,,2,4,,,,1,,1,,,1,,,,,1,,3,,,,,1,,1,,,2,,,,,1,,,,1,,,,,,,,,,,,1,,1,1,,,,,,,,,,,,,,,1,,,,,1,1
118,2020-06-28,846,71,93,9,189,,151,12,24,3,71,7,32,24,,1,7,2,3,,12,6,9,,22,1,1,3,6,4,1,5,,,,3,6,,10,1,,,1,5,2,,,,,2,4,1,10,,1,2,3,,,2,4,,,,1,,1,,,1,,,,,1,,3,,,,,1,,1,,,2,,,,,1,,,,1,,,,,,,,,,,,1,,1,1,,,,,,,,,,,,,,,1,,,,,1,1
119,2020-06-29,848,72,93,9,189,,151,13,24,3,71,7,32,24,,1,7,2,3,,12,6,9,,22,1,1,3,6,4,1,5,,,,3,6,,10,1,,,1,5,2,,,,,2,4,1,10,,1,2,3,,,2,4,,,,1,,1,,,1,,,,,1,,3,,,,,1,,1,,,2,,,,,1,,,,1,,,,,,,,,,,,1,,1,1,,,,,,,,,,,,,,,1,,,,,1,1
120,2020-06-30,853,75,94,9,189,,151,13,24,3,71,7,32,24,,1,7,2,3,,12,6,9,,22,1,1,3,6,4,1,5,,,,3,6,,10,1,1,,1,5,2,,,,,2,4,1,10,,1,2,3,,,2,4,,,,1,,1,,,1,,,,,1,,3,,,,,1,,1,,,2,,,,,1,,,,1,,,,,,,,,,,,1,,1,1,,,,,,,,,,,,,,,1,,,,,1,1
121,2020-07-01,857,76,94,9,189,1,151,13,24,4,71,7,32,24,,1,7,2,3,,12,6,9,,22,1,1,3,6,4,1,5,,,,3,6,,10,1,1,,1,5,2,,,,,2,4,1,10,,1,2,3,,,2,4,,,,1,,1,,,1,,,,,2,,3,,,,,1,,1,,,2,,,,,1,,,,1,,,,,,,,,,,,1,,1,1,,,,,,,,,,,,,,,1,,,,,1,1
122,2020-07-02,865,82,94,11,189,1,151,13,24,4,71,7,32,24,,1,7,2,3,,12,6,9,,22,1,1,3,6,4,1,5,,,,3,6,,10,1,1,,1,5,2,,,,,2,4,1,10,,1,2,3,,,2,4,,,,1,,1,,,1,,,,,2,,3,,,,,1,,1,,,2,,,,,1,,,,1,,,,,,,,,,,,1,,1,1,,,,,,,,,,,,,,,1,,,,,1,1
123,2020-07-03,872,85,94,11,189,1,151,13,24,4,71,7,32,24,,1,7,2,3,,12,6,11,,22,1,1,3,6,5,1,6,,,,3,6,,10,1,1,,1,5,2,,,,,2,4,1,10,,1,2,3,,,2,4,,,,1,,1,,,1,,,,,2,,3,,,,,1,,1,,,2,,,,,1,,,,1,,,,,,,,,,,,1,,1,1,,,,,,,,,,,,,,,1,,,,,1,1
124,2020-07-04,873,86,94,11,189,1,151,13,24,4,71,7,32,24,,1,7,2,3,,12,6,11,,22,1,1,3,6,5,1,6,,,,3,6,,10,1,1,,1,5,2,,,,,2,4,1,10,,1,2,3,,,2,4,,,,1,,1,,,1,,,,,2,,3,,,,,1,,1,,,2,,,,,1,,,,1,,,,,,,,,,,,1,,1,1,,,,,,,,,,,,,,,1,,,,,1,1
125,2020-07-05,875,87,94,11,189,1,151,13,24,4,71,7,32,24,,1,7,2,3,,12,6,11,,22,1,1,3,6,5,1,6,,,,3,6,,10,1,1,,1,5,2,,,,,2,4,1,10,,1,2,3,,,2,4,,,,1,,1,,,1,,,,,2,,3,,,,,1,,1,,,2,,,,,1,,,,1,,,,,,,,,,,,1,1,1,1,,,,,,,,,,,,,,,1,,,,,1,1
126,2020-07-06,876,87,94,11,189,1,151,13,24,4,72,7,32,24,,1,7,2,3,,12,6,11,,22,1,1,3,6,5,1,6,,,,3,6,,10,1,1,,1,5,2,,,,,2,4,1,10,,1,2,3,,,2,4,,,,1,,1,,,1,,,,,2,,3,,,,,1,,1,,,2,,,,,1,,,,1,,,,,,,,,,,,1,1,1,1,,,,,,,,,,,,,,,1,,,,,1,1
127,2020-07-07,884,91,94,12,189,1,151,13,24,4,73,7,32,24,,1,8,2,3,,12,6,11,,22,1,1,3,6,5,1,7,,,,3,6,,10,1,1,,1,5,2,,,,,2,4,1,10,,1,2,3,,,2,4,,,,1,,1,,,1,,,,,2,,3,,,,,1,,1,,,2,,,,,1,,,,1,,,,,,,,,,,,1,1,1,1,,,,,,,,,,,,,,,1,,,,,1,1
128,2020-07-08,890,96,94,12,189,1,151,13,24,4,73,7,32,24,,1,8,3,3,,12,6,11,,22,1,1,3,6,5,1,7,,,,3,6,,10,1,1,,1,5,2,,,,,2,4,1,10,,1,2,3,,,2,4,,,,1,,1,,,1,,,,,2,,3,,,,,1,,1,,,2,,,,,1,,,,1,,,,,,,,,,,,1,1,1,1,,,,,,,,,,,,,,,1,,,,,1,1
129,2020-07-09,899,101,94,12,189,1,151,13,25,4,73,7,32,24,,1,8,3,3,,12,6,11,,24,1,1,3,6,5,1,7,,,,3,6,,10,1,1,,1,5,2,,,,,2,4,1,10,,1,2,3,,,2,4,,,,1,,1,,,1,,,,,3,,3,,,,,1,,1,,,2,,,,,1,,,,1,,,,,,,,,,,,1,1,1,1,,,,,,,,,,,,,,,1,,,,,1,1
130,2020-07-10,905,106,94,12,189,1,151,13,25,4,73,7,32,24,,1,8,3,3,,12,6,11,,24,1,1,3,6,5,1,8,,,,3,6,,10,1,1,,1,5,2,,,,,2,4,1,10,,1,2,3,,,2,4,,,,1,,1,,,1,,,,,3,,3,,,,,1,,1,,,2,,,,,1,,,,1,,,,,,,,,,,,1,1,1,1,,,,,,,,,,,,,,,1,,,,,1,1
131,2020-07-11,906,107,94,12,189,1,151,13,25,4,73,7,32,24,,1,8,3,3,,12,6,11,,24,1,1,3,6,5,1,8,,,,3,6,,10,1,1,,1,5,2,,,,,2,4,1,10,,1,2,3,,,2,4,,,,1,,1,,,1,,,,,3,,3,,,,,1,,1,,,2,,,,,1,,,,1,,,,,,,,,,,,1,1,1,1,,,,,,,,,,,,,,,1,,,,,1,1
132,2020-07-12,909,107,94,12,189,1,151,13,25,4,73,7,32,24,,1,8,3,3,,12,6,11,,25,2,1,3,6,5,1,8,,,,3,6,,10,1,1,,1,5,2,,,,,2,4,1,10,,1,2,3,,,2,4,,,,1,,1,,,1,,,1,,3,,3,,,,,1,,1,,,2,,,,,1,,,,1,,,,,,,,,,,,1,1,1,1,,,,,,,,,,,,,,,1,,,,,1,1
133,2020-07-13,911,109,94,12,189,1,151,13,25,4,73,7,32,24,,1,8,3,3,,12,6,11,,25,2,1,3,6,5,1,8,,,,3,6,,10,1,1,,1,5,2,,,,,2,4,1,10,,1,2,3,,,2,4,,,,1,,1,,,1,,,1,,3,,3,,,,,1,,1,,,2,,,,,1,,,,1,,,,,,,,,,,,1,1,1,1,,,,,,,,,,,,,,,1,,,,,1,1
134,2020-07-14,920,113,94,14,189,1,151,13,25,4,73,8,32,24,,1,8,3,3,,12,6,12,,25,2,1,3,6,5,1,8,,,,3,6,,10,1,1,,1,5,2,,,,1,2,4,1,10,,1,2,3,,,2,4,,,,1,,1,,,1,,,1,,3,,3,,,,,1,,1,,,2,,,,,1,,,,1,,,,,,,,,,,,1,1,1,1,,,,,,,,,,,,,,,1,,,,,1,1
135,2020-07-15,932,121,94,15,189,1,151,13,25,4,73,8,32,24,1,1,8,4,3,,12,6,13,,25,2,1,3,6,5,1,8,,,,3,6,,10,1,1,,1,5,2,,,,1,2,4,1,10,,1,2,3,,,2,4,,,,1,,1,,,1,,,1,,3,,3,,,,,1,,1,,,2,,,,,1,,,,1,,,,,,,,,,,,1,1,1,1,,,,,,,,,,,,,,,1,,,,,1,1
136,2020-07-16,943,123,94,16,191,1,151,13,25,5,73,8,32,24,1,1,8,4,3,,12,6,13,,26,4,1,3,6,5,1,9,,,,3,6,,10,1,1,,2,5,2,,,,1,2,4,1,10,,1,2,3,,,2,4,,,,1,,1,,,1,,,1,,3,,3,,,,,1,,1,,,2,,,,,1,,,,1,,,,,,,,,,,,1,1,1,1,,,,,,,,,,,,,,,1,,,,,1,1
137,2020-07-17,962,126,94,16,199,1,151,13,25,5,73,8,32,24,2,1,8,7,3,,12,6,13,,26,5,1,3,6,5,1,9,,,,4,6,,10,1,1,,2,5,2,,,2,1,2,4,1,10,,1,2,3,,,2,4,,,,1,,1,,,1,,,1,,3,,3,,,,,1,,1,,,2,,,,,1,,,,1,,,,,,,,,,,,1,1,1,1,,,,,,,,,,,,,,,1,,,,,1,1
138,2020-07-18,971,129,94,16,200,4,151,13,25,5,73,8,32,24,3,1,8,8,3,,12,6,13,,26,5,1,3,6,5,1,9,,,,4,6,,10,1,1,,2,5,2,,,2,1,2,4,1,10,,1,2,3,,,2,4,,,,1,,1,,,1,,,1,,3,,3,,,,,1,,1,,,2,,,,,1,,,,1,,,,,,,,,,,,1,1,1,1,,,,,,,,,,,,,,,1,,,,,1,1
139,2020-07-19,978,131,94,16,200,4,151,13,25,5,73,8,32,24,3,1,8,9,3,,12,6,13,,26,5,1,3,6,5,1,12,,,,4,6,,10,1,1,,2,5,2,,,2,1,2,4,1,10,,1,2,3,,,2,4,,,,1,,1,,,1,,,1,,3,,3,,,,,1,,1,,,2,,,,,1,,,,1,,,,,,,,,,,,1,1,1,1,,,,,,,,,,,,,,,1,,,,,1,1
140,2020-07-20,997,139,94,16,205,5,151,13,25,5,73,8,32,24,4,1,9,10,3,,12,6,13,,26,5,1,3,6,5,1,12,,,,4,6,,10,1,1,,2,5,2,,,2,3,2,4,1,10,,1,2,3,,,2,4,,,,1,,1,,,1,,,1,,3,,3,,,,,1,,1,,,2,,,,,1,,,,1,,,,,,,,,,,,1,1,1,1,,,,,,,,,,,,,,,1,,,,,1,1
141,2020-07-21,1015,150,94,16,206,5,151,13,25,5,73,8,32,24,4,1,10,12,4,,13,6,13,,26,5,1,4,6,5,1,12,,,,4,6,,10,1,1,,2,5,2,,,2,3,2,4,1,10,,1,2,3,,,2,4,,,,1,,1,,,1,,,1,,3,,3,,,,,1,,1,,,2,,,,,1,,,,1,,,,,,,,,,,,1,1,1,1,,,,,,,,,,,,,,,1,,,,,1,1
142,2020-07-22,1026,155,94,16,206,6,151,13,25,5,73,8,32,24,4,1,11,12,4,,13,6,13,,26,5,1,4,6,5,1,12,,,,6,7,,10,1,1,,3,5,2,,,2,3,2,4,1,10,,1,2,3,,,2,4,,,,1,,1,,,1,,,1,,3,,3,,,,,1,,1,,,2,,,,,1,,,,1,,,,,,,,,,,,1,1,1,1,,,,,,,,,,,,,,,1,,,,,1,1
143,2020-07-23,1042,165,95,16,207,7,151,14,25,5,73,8,32,24,4,1,11,12,4,,13,6,13,,26,5,1,4,6,5,1,13,,,,7,7,,10,1,1,,3,5,2,,,2,3,2,4,1,10,,1,2,3,,,2,4,,,,1,,1,,,1,,,1,,3,,3,,,,,1,,1,,,2,,,,,1,,,,1,,,,,,,,,,,,1,1,1,1,,,,,,,,,,,,,,,1,,,,,1,1
144,2020-07-24,1058,173,95,16,208,9,151,15,25,5,73,8,32,24,4,1,11,12,4,,13,6,13,2,26,5,1,4,6,6,1,14,,,,7,7,,10,1,1,,3,5,2,,,2,3,2,4,1,10,,1,2,3,,,2,4,,,,1,,1,,,1,,,1,,3,,3,,,,,1,,1,,,2,,,,,1,,,,1,,,,,,,,,,,,1,1,1,1,,,,,,,,,,,,,,,1,,,,,1,1
145,2020-07-25,1065,180,95,16,208,9,151,15,25,5,73,8,32,24,4,1,11,12,4,,13,6,13,2,26,5,1,4,6,6,1,14,,,,7,7,,10,1,1,,3,5,2,,,2,3,2,4,1,10,,1,2,3,,,2,4,,,,1,,1,,,1,,,1,,3,,3,,,,,1,,1,,,2,,,,,1,,,,1,,,,,,,,,,,,1,1,1,1,,,,,,,,,,,,,,,1,,,,,1,1
146,2020-07-26,1070,183,95,16,208,9,152,15,25,5,73,8,32,24,4,1,11,12,4,,13,6,13,2,26,5,1,4,6,7,1,14,,,,7,7,,10,1,1,,3,5,2,,,2,3,2,4,1,10,,1,2,3,,,2,4,,,,1,,1,,,1,,,1,,3,,3,,,,,1,,1,,,2,,,,,1,,,,1,,,,,,,,,,,,1,1,1,1,,,,,,,,,,,,,,,1,,,,,1,1
147,2020-07-27,1090,192,95,16,208,11,153,15,25,6,73,8,32,24,4,1,11,14,4,,13,6,13,4,26,5,1,4,6,10,1,14,,,,7,7,,10,1,1,,3,5,2,,,2,3,2,4,1,10,,1,2,3,,,2,4,,,,1,,1,,,1,,,1,,3,,3,,,,,1,,1,,,2,,,,,1,,,,1,,,,,,,,,,,,1,1,1,1,,,,,,,,,,,,,,,1,,,,,1,1
148,2020-07-28,1116,212,95,16,210,12,153,15,25,6,73,8,33,24,4,1,11,15,4,,13,6,13,4,26,5,1,4,6,10,1,14,,,1,7,7,,10,1,1,,3,5,2,,,2,3,2,4,1,10,,1,2,3,,,2,4,,,,1,,1,,,1,,,1,,3,,3,,,,,1,,1,,,2,,,,,1,,,,1,,,,,,,,,,,,1,1,1,1,,,,,,,,,,,,,,,1,,,,,1,1
149,2020-07-29,1137,217,95,16,211,17,153,15,26,6,73,8,33,25,6,1,11,18,4,2,13,6,14,4,26,5,1,4,6,10,1,14,,,1,7,7,,10,1,1,,3,5,2,,,2,3,2,4,1,10,,1,2,3,,,2,4,,,,1,,1,,,1,,,1,,3,,3,,,,,1,,1,,,2,,,,,1,,,,1,,,,,,,,,,,,1,1,1,1,,,,,,,,,,,,,,,1,,,,,1,1
150,2020-07-30,1154,217,95,16,212,25,153,15,27,6,73,8,33,26,6,1,11,21,4,2,13,6,14,5,26,5,1,5,6,10,1,14,,,1,7,7,,10,1,1,,3,5,2,,,2,3,2,4,1,10,,1,2,3,,,2,4,,,,1,,1,,,1,,,1,,3,,3,,,,,1,,1,,,2,,,,,1,,,,1,,,,,,,,,,,,1,1,1,1,,,,,,,,,,,,,,,1,,,,,1,1
151,2020-07-31,1179,229,95,16,213,33,153,15,28,6,73,8,33,27,7,1,11,21,4,2,13,6,14,6,26,5,1,5,6,10,1,14,,,1,7,7,,10,1,1,,3,5,2,,,2,3,2,4,1,10,,1,2,3,,,2,4,,,,1,,1,,,1,,,1,,3,,3,,,,,1,,1,,,2,,,,,1,,,,1,,,,,,,,,,,,1,1,1,1,,,,,,,,,,,,,,,1,,,,,1,1
152,2020-08-01,1192,234,95,17,213,34,153,15,28,6,74,8,33,27,7,1,11,21,4,2,13,6,14,6,26,5,1,5,6,10,1,18,,,1,7,7,,10,1,2,,3,5,2,,,2,3,2,4,1,10,,1,2,3,,,2,4,,,,1,,1,,,1,,,1,,3,,3,,,,,1,,1,,,2,,,,,1,,,,1,,,,,,,,,,,,1,1,1,1,,,,,,,,,,,,,,,1,,,,,1,1
153,2020-08-02,1197,234,95,17,213,37,153,15,28,6,74,8,33,27,7,1,11,21,4,2,14,6,14,6,26,5,1,5,6,10,1,19,,,1,7,7,,10,1,2,,3,5,2,,,2,3,2,4,1,10,,1,2,3,,,2,4,,,,1,,1,,,1,,,1,,3,,3,,,,,1,,1,,,2,,,,,1,,,,1,,,,,,,,,,,,1,1,1,1,,,,,,,,,,,,,,,1,,,,,1,1
154,2020-08-03,1216,241,95,18,214,44,153,15,28,6,74,8,33,27,7,1,11,21,4,2,14,6,14,7,26,5,1,5,6,10,1,19,,,1,7,7,,10,1,2,,4,5,2,,,2,3,2,4,1,10,,1,2,3,,,2,4,,,,1,,1,,,1,,,1,,3,,3,,,,,1,,1,,,2,,,,,1,,,,1,,,,,,,,,,,,1,1,1,1,,,,,,,,,,,,,,,1,,,,,1,1
155,2020-08-04,1251,255,96,19,214,59,153,15,28,6,74,8,33,28,7,1,13,22,4,2,14,6,14,7,26,5,1,5,6,10,1,19,,,1,7,7,,10,1,2,,4,5,2,,,2,3,2,4,1,10,,1,2,3,,,2,4,,,,1,,1,,,1,,,1,,3,,3,,,,,1,,1,,,2,,,,,1,,,,1,,,,,,,,,,,,1,1,1,1,,,,,,,,,,,,,,,1,,,,,1,1
156,2020-08-05,1281,264,96,21,214,74,153,17,28,6,74,8,33,28,7,1,13,23,4,2,14,6,14,7,26,6,1,5,6,10,1,19,,,1,7,7,,10,1,2,,4,5,2,,,2,3,2,4,1,10,,1,2,3,,,2,4,,,,1,,1,,,1,,,1,,3,,3,,,,,1,,1,,,2,,,,,1,,,,1,,,,,,,,,,,,1,1,1,1,,,,,,,,,,,,,,,1,,,,,1,1
157,2020-08-06,1306,274,97,23,214,82,154,18,29,6,74,8,33,28,7,1,13,23,4,2,14,6,14,7,26,6,1,5,6,10,1,19,,,1,7,7,,10,1,3,,4,5,2,,,2,3,2,4,1,10,,1,2,3,,,2,4,,,,1,,1,,,1,,,1,,3,,3,,,,,1,,1,,,2,,,,,1,,,,1,,,,,,,,,,,,1,1,1,1,,,,,,,,,,,,,,,1,,,,,1,1
158,2020-08-07,1340,288,98,24,214,96,154,18,30,7,74,8,33,29,7,1,13,23,4,2,14,6,14,7,26,6,1,5,6,10,1,19,,,1,7,7,,10,1,3,,4,5,2,,,2,3,2,4,1,10,,1,2,3,,,2,4,,,,1,,1,,,1,,,1,,3,,3,,,,,1,,1,,,2,,,,,1,,,,1,,,,,,,,,,,,1,1,1,1,,,,,,,,,,,,,,,1,,,,,1,1
159,2020-08-08,1365,301,98,28,214,102,154,19,30,7,74,8,33,29,7,1,13,23,4,2,14,6,14,7,26,6,1,5,6,10,1,19,,,1,7,7,,10,1,3,,4,5,2,,,2,3,2,4,1,10,,1,2,3,,,2,4,,,1,1,,1,,,1,,,1,,3,,3,,,,,1,,1,,,2,,,,,1,,,,1,,,,,,,,,,,,1,1,1,1,,,,,,,,,,,,,,,1,,,,,1,1
160,2020-08-09,1378,302,98,30,214,107,154,20,31,7,74,8,33,29,7,1,13,23,4,3,14,6,14,7,26,6,1,5,6,10,1,19,,,1,7,7,,10,3,3,,4,5,2,,,2,3,2,4,1,10,,1,2,3,,,2,4,,,1,1,,1,,,1,,,1,,3,,3,,,,,1,,1,,,2,,,,,1,,,,1,,,,,,,,,,,,1,1,1,1,,,,,,,,,,,,,,,1,,,,,1,1
161,2020-08-10,1405,311,100,31,214,116,154,21,32,7,75,8,33,29,7,1,13,23,4,3,14,6,14,8,26,7,1,5,6,10,1,19,,,1,7,7,,10,4,3,,4,5,2,,,2,3,2,4,1,10,,1,2,3,,,2,4,,,1,1,,1,,,1,,,1,,3,,3,,,,,1,,1,,,2,,,,,1,,,,1,,,,,,,,,,,,1,1,1,1,,,,,,,,,,,,,,,1,,,,,1,1
162,2020-08-11,1464,331,100,31,215,139,154,21,32,8,75,8,35,29,10,1,13,23,4,3,14,6,14,11,27,9,1,5,6,10,1,19,,,1,7,7,,10,5,4,,4,5,2,,,2,3,2,4,1,10,,1,2,3,,,2,4,,,1,1,,1,,,1,,,1,,3,,3,,,,,1,,1,,,2,,,,,1,,,,1,,,,,,,,,,,,1,1,1,1,,,,,,,,,,,,,,,1,,,,,1,1
163,2020-08-12,1509,347,101,32,215,155,154,21,34,8,76,8,35,29,10,1,13,24,4,3,14,6,14,11,27,9,1,6,6,10,1,19,,,3,7,7,1,10,8,4,,4,5,2,,,2,3,2,4,1,10,,1,2,3,,,2,4,,,1,1,,1,,,1,,,1,,3,,3,,,,,1,,1,,,2,,,,,1,,,,1,,,,,,,,,,,,1,1,1,1,,,,,,,,,,,,,,,1,,,,,1,1
164,2020-08-13,1551,372,101,33,216,163,155,23,35,8,77,8,36,29,10,1,13,24,4,3,14,6,14,11,27,9,1,6,6,10,1,19,,,3,7,7,1,10,8,5,,4,5,2,,,2,3,2,4,1,10,,1,2,3,,,2,4,,,1,1,,1,,,1,,,1,,3,,3,,,,,1,,1,,,2,,,,,1,,,,1,,,,,,,,,,,,1,1,1,1,,,,,,,,,,,,,,,1,,,,,1,1
165,2020-08-14,1587,384,102,34,220,174,156,25,35,9,77,8,37,29,10,1,13,24,4,4,14,6,14,11,27,10,1,6,6,10,1,19,,,3,7,7,1,10,8,5,,4,5,2,,,2,3,2,4,1,10,,1,2,3,,,2,4,,,1,1,,1,,,1,,,1,,3,,3,,,,,1,,1,,,2,,,,,1,,,,1,,,,,,,,,,,,1,1,1,1,,,,,,,,,,,,,,,1,,,,,1,1
166,2020-08-15,1611,398,102,34,220,182,156,25,35,9,77,8,38,29,10,1,14,24,4,4,14,6,14,11,27,10,1,6,6,10,1,19,,,3,7,7,1,10,8,5,,4,5,2,,,2,3,2,4,1,10,,1,2,3,,,2,4,,,1,1,,1,,,1,,,1,,3,,3,,,,,1,,1,,,2,,,,,1,,,,1,,,,,,,,,,,,1,1,1,1,,,,,,,,,,,,,,,1,,,,,1,1
167,2020-08-16,1622,401,102,34,220,188,156,25,35,9,77,8,39,29,10,1,14,24,4,4,14,6,14,11,27,10,1,6,6,10,1,19,1,,3,7,7,1,10,8,5,,4,5,2,,,2,3,2,4,1,10,,1,2,3,,,2,4,,,1,1,,1,,,1,,,1,,3,,3,,,,,1,,1,,,2,,,,,1,,,,1,,,,,,,,,,,,1,1,1,1,,,,,,,,,,,,,,,1,,,,,1,1
168,2020-08-17,1642,409,103,34,222,192,156,25,35,9,77,8,39,29,10,1,14,24,4,4,15,6,14,12,27,10,1,6,6,10,1,19,1,,4,7,7,1,10,8,5,,4,5,2,,,2,3,2,4,1,10,,1,2,3,,,2,4,,,1,1,,1,,,1,,,2,,3,,3,,,1,,1,,1,,,2,,,,,1,,,,1,,,,,,,,,,,,1,1,1,1,,,,,,,,,,,,,,,1,,,,,1,1
169,2020-08-18,1673,426,104,34,222,196,158,26,36,9,78,8,40,29,11,1,14,24,4,4,15,6,14,13,27,10,1,6,6,10,1,19,1,,4,7,7,1,10,8,6,,4,5,2,,,2,3,2,4,1,10,,1,2,3,,,2,4,,,1,1,,1,,,1,,,2,,3,,3,,,1,,1,,1,,,2,,,,,1,,,,1,,,,,,,,,,,,1,1,1,1,,,,,,,,,,,,,,,1,,,,,1,1
170,2020-08-19,1716,449,106,36,224,199,158,28,36,10,78,8,40,29,12,1,14,25,5,4,15,6,14,13,27,13,1,6,6,10,1,19,1,,5,7,7,1,10,8,6,,4,5,2,,,2,3,2,4,1,10,,1,2,3,,,2,4,,,1,1,,1,,,1,,,2,,3,1,3,,,1,,1,,1,,,2,,,,,1,,,,1,,,,,,,,,,,,1,1,1,1,,,,,,,,,,,,,,,1,,,,,1,1
171,2020-08-20,1743,466,106,36,224,205,158,28,37,10,78,8,40,29,12,1,14,25,5,4,15,6,14,13,27,13,2,6,6,10,1,19,1,,5,7,7,1,10,8,7,,4,5,2,,,2,3,2,4,1,10,,1,2,3,,,2,4,,,1,1,,1,,,1,,,2,,3,1,3,,,1,,1,,1,,,2,,,,,1,,,,1,,,,,,,,,,,,1,1,1,1,,,,,,,,,,,,,,,1,,,,,1,1
172,2020-08-21,1784,487,107,38,227,212,158,28,37,10,78,8,40,30,14,1,14,26,5,4,15,6,14,14,27,14,2,6,6,10,1,20,1,,5,7,7,1,10,8,7,,4,5,2,,,2,3,2,4,1,10,,1,2,3,,,2,4,,,1,1,,1,,,1,,,2,,3,1,3,,,1,,1,,1,,,2,,,,,1,,,,1,,,,,,,,,,,,1,1,1,1,,,,,,,,,,,,,,,1,,,,,1,1
173,2020-08-22,1808,495,108,40,227,214,159,28,38,10,78,8,40,30,14,1,14,26,5,4,16,6,14,14,27,17,2,6,6,10,1,22,1,,6,7,7,1,10,8,7,,4,5,2,,,2,3,2,4,1,10,,1,2,3,,,2,5,,,1,1,,1,,1,1,,,2,,3,1,3,,,1,,1,,1,,,2,,,,,1,,,,1,,,,,,,,,,,,1,1,1,1,,,,,,,,,,,,,,,1,,,,,1,1
174,2020-08-23,1821,502,109,40,227,214,159,29,38,11,78,8,40,30,14,1,14,26,5,4,16,6,14,14,27,18,3,6,6,10,1,22,1,,6,7,7,1,10,8,7,,4,5,2,,,2,3,2,4,1,10,,1,2,3,,,2,5,,,2,1,,1,,1,1,,,2,,3,1,3,,,1,,1,,1,,,2,,,,,1,,,,1,,,,,,,,,,,,1,1,1,1,,,,,,,,,,,,,,,1,,,,,1,1
175,2020-08-24,1859,517,109,44,230,216,159,29,40,12,78,8,40,31,18,1,14,26,5,4,17,6,14,15,27,18,3,6,6,10,1,23,2,,6,7,7,1,10,8,7,,4,7,2,,,2,3,2,4,1,10,,1,2,3,,,2,5,,,2,1,,1,,1,1,,,2,,3,1,3,,,1,,1,,1,,,2,,,,,1,,,,1,,,,,,,,,,,,1,1,1,1,,,,,,,,,,,,,,,1,,,,,1,1
176,2020-08-25,1911,543,109,44,231,224,161,29,41,13,79,8,40,32,22,1,14,27,5,4,17,6,14,16,27,20,4,6,6,10,1,23,2,,6,7,7,1,10,8,7,,4,7,2,,,2,3,2,4,1,10,,1,2,3,,,2,5,,,2,1,,1,,2,1,,,2,,4,1,3,,,1,,1,,1,,,2,,,,,1,,,,1,,,,,,,,,,,,1,1,1,1,,,,,,,,,,,,,,,1,,,,,1,1
177,2020-08-26,1960,566,110,47,232,233,161,29,46,13,79,9,40,32,23,1,14,27,5,4,17,6,14,16,27,21,6,8,6,10,1,23,2,,6,7,7,1,10,8,7,,4,7,2,,,2,3,2,4,1,10,,1,2,3,,,2,5,,,2,1,,1,,2,1,,,2,,4,1,3,,,1,,1,,1,,,2,,,,,1,,,,1,,,,,,,,,,,,1,1,1,1,,,,,,,,,,,,,,,1,,,,,1,1
178,2020-08-27,1997,576,110,52,233,245,161,29,49,13,79,9,40,32,24,1,15,27,5,4,17,6,14,16,27,24,6,8,6,10,1,24,2,,6,7,7,1,10,8,7,,4,7,2,,,2,3,2,4,1,10,,1,2,3,,,2,5,,,2,1,,1,,2,1,,,2,,4,1,3,,,1,,1,,1,,,2,,,,,1,,,,1,,,,,,,,,,,,1,1,1,1,,,,,,,,,,,,,,,1,,,,,1,1
179,2020-08-28,2038,587,110,53,236,256,163,29,54,14,79,10,41,32,24,1,16,27,5,4,17,6,14,16,29,25,7,8,6,10,1,24,2,,6,7,7,1,10,8,7,,4,7,2,,,2,3,2,4,1,10,,1,2,3,,,2,5,,,2,1,,1,,2,1,,,2,,4,1,3,,,1,,1,,1,,,2,,,,,1,,,,1,,,,,,,,,,,,1,1,1,1,,,,,,,,,,,,,,,1,,,,,1,1
180,2020-08-29,2061,592,110,53,238,265,164,29,55,15,80,10,41,32,24,1,17,27,5,4,17,6,14,16,29,25,8,8,6,10,1,25,2,,6,7,7,1,10,8,7,,4,7,2,,,2,3,2,4,1,10,,1,2,3,,,2,5,,,2,1,,1,,2,1,,,2,,4,1,3,,,1,,1,,1,,,2,,,,,1,,,,1,,,,,,,,,,,,1,1,1,1,,,,,,,,,,,,,,,1,,,,,1,1
181,2020-08-30,2091,604,111,55,238,270,164,29,59,15,81,10,41,32,24,1,18,27,5,4,18,6,14,16,29,27,9,8,6,10,1,25,2,,6,7,7,1,10,8,7,,4,7,2,,,2,3,2,4,1,10,,1,2,3,,,2,5,,,2,1,,1,,2,1,,,2,,4,1,3,,,1,,1,,1,,,2,,,,,1,,,,1,,,,,,,,,,,,1,1,1,1,,,,,,,,,,,,,,,1,,,,,1,1
182,2020-08-31,2122,613,111,56,238,282,164,29,62,15,81,10,42,32,24,1,20,27,5,4,20,6,14,16,29,27,9,8,6,10,1,25,3,,6,7,7,1,10,8,7,,4,7,2,,,2,3,2,4,1,10,,1,2,3,,,2,5,,,2,1,,1,,2,1,,,2,,4,1,3,,,1,,1,,1,,,2,,,,,1,,,,1,,,,,,,,,,,,1,1,1,1,,,,,,,,,,,,,,,1,,,,,1,1
183,2020-09-01,2189,644,111,58,239,294,166,29,64,15,82,10,43,33,25,1,21,28,8,4,21,7,14,17,29,30,9,8,6,10,1,25,3,,6,7,7,2,10,8,7,,4,7,2,,,2,3,2,4,1,10,1,1,2,3,,,2,5,,,2,1,,1,,2,1,,,2,,4,1,3,,,1,,1,,1,,,2,,,,,1,,,,1,,,,,,,,,,,,1,1,1,1,,,,,,,,,,,,,,,1,,,,,1,1
184,2020-09-02,2246,667,112,60,239,305,168,32,68,16,83,10,43,33,26,1,23,28,8,4,21,7,14,18,30,30,9,8,6,10,1,25,3,,6,7,7,3,10,8,7,,4,7,2,,,2,4,2,4,1,10,2,1,2,3,,,2,5,,1,2,1,,1,,2,1,,,2,,4,1,3,,,1,,1,,1,,,2,,,,,1,,,,1,,,,,,,,,,,,1,1,1,1,,,,,,,,,,,,,,,1,,,,,1,1
185,2020-09-03,2300,688,114,62,243,318,169,33,70,17,83,10,43,33,26,1,26,28,8,4,21,7,14,18,31,30,9,8,6,11,1,25,3,,6,7,7,3,10,8,7,,4,7,3,,,2,4,2,4,1,10,2,1,3,3,,,2,5,,1,2,1,,1,,2,1,,,2,,4,1,3,,,1,,1,,1,,,2,,,,,1,,,,1,,,,,,,,,,,,1,1,1,1,,,,,,,,,,,,,,,1,,,,,1,1
186,2020-09-04,2330,702,115,62,244,321,171,33,70,18,84,10,44,33,26,1,28,28,8,4,22,7,14,19,31,31,9,8,6,12,1,25,3,,6,7,7,3,10,8,7,,4,7,3,,,2,4,2,4,1,10,2,1,3,3,,,2,5,,1,2,1,,1,,2,1,,,2,,4,1,3,,,1,,1,,1,,,2,,,,,1,,,,1,,,,,,,,,,,,1,1,1,1,,,,,,,,,,,,,,,1,,,,,1,1
187,2020-09-05,2352,712,115,63,246,325,171,33,70,18,84,10,44,33,26,1,28,28,8,4,22,8,14,20,31,31,9,8,8,12,1,26,3,,6,7,7,3,10,8,7,,4,7,3,,,2,4,2,4,1,10,2,1,3,3,,,2,5,,1,2,1,,1,,2,1,,,2,,4,1,3,,,1,,1,,1,,,2,,,,,1,,,,1,,,,,,,,,,,,1,1,1,1,,,,,,,,,,,,,,,1,,,,,1,1
188,2020-09-06,2371,717,115,66,246,325,173,33,71,19,84,10,44,33,27,1,31,28,8,4,22,8,14,20,31,33,9,8,8,13,1,26,3,,6,7,7,3,10,8,7,,4,7,3,,,2,4,2,4,1,10,2,1,3,3,,,2,5,,1,2,1,,1,,2,1,,,2,,4,1,3,,,1,,1,,1,,,2,,,,,1,,,,1,,,,,,,,,,,,1,1,1,1,,,,,,,,,,,,,,,1,,,,,1,1
189,2020-09-07,2397,725,115,73,246,328,173,33,71,20,84,10,45,33,27,1,32,28,8,4,22,8,14,20,31,33,10,9,8,13,1,26,3,,6,7,7,3,10,9,7,,4,7,3,,,2,4,2,4,1,10,2,1,3,3,,,2,5,,1,3,1,,1,,2,1,,,2,,4,2,3,,,1,,1,,1,,,2,,,,,1,,,,1,,,,,,,,,,,,1,1,1,1,,,,,,,,,,,,,,,1,,,,,1,1
190,2020-09-08,2436,738,117,77,250,332,176,33,72,20,84,10,49,33,27,1,32,28,8,5,22,8,14,20,31,34,12,9,8,13,1,26,3,,6,7,7,3,10,9,7,,4,7,3,,,2,4,2,4,1,10,2,1,3,3,,,2,5,,1,3,1,,1,,2,1,,,2,,4,2,3,,,1,,1,,1,,,2,,,,,1,,,,1,,,,,,,,,,,,1,1,1,1,,,,,,,,,,,,,,,1,,,,,1,1
191,2020-09-09,2482,756,118,83,251,336,178,33,73,21,84,10,50,33,28,1,32,28,8,6,22,9,14,20,31,34,16,9,8,13,1,27,3,,6,7,7,3,10,9,7,,4,7,3,,,2,5,2,4,1,10,2,1,3,3,,,2,5,,1,3,1,,1,,3,1,,,2,,4,2,3,,,2,,1,,1,,,2,,,,,1,,,,1,,,,,,,,,,,,1,1,1,1,,,,,,,,,,,,,,,1,,,,,1,1
192,2020-09-10,2525,760,120,95,255,339,178,35,76,21,86,10,51,33,29,1,35,28,8,6,22,9,14,20,32,35,18,10,8,13,1,27,3,,6,7,7,3,10,9,7,,4,7,3,,,2,5,2,4,1,10,2,1,4,3,,,2,5,,1,3,1,,1,,3,1,,,2,,4,2,3,,,2,,1,,1,,,2,,,,,1,,,,1,,,,,,,,,,,,1,1,1,1,,,,,,,,,,,,,,,1,,,,,1,1
193,2020-09-11,2561,769,124,98,255,344,179,36,77,21,86,10,51,33,29,1,37,29,8,6,22,9,14,22,32,36,19,10,8,13,1,28,3,1,6,7,7,4,10,11,7,,4,7,3,,,2,5,2,4,1,10,2,1,4,3,,,2,5,,1,3,1,,1,,3,1,,,2,,4,2,3,,,2,,1,,1,,,2,,,,,1,,,,1,,,,,,,,,,,,1,1,1,1,,,,,,,,,,,,,,,1,,,,,1,1
194,2020-09-12,2602,775,128,100,266,345,179,38,80,21,87,10,53,34,30,1,37,29,9,6,22,11,14,22,32,36,20,10,8,13,1,28,6,1,6,7,7,4,10,11,7,,4,7,3,,,2,5,2,4,1,10,2,1,4,3,,,2,5,,1,3,1,,1,,3,1,,,2,,4,2,3,,,2,,1,,1,,,2,,,,,1,,,,1,,,,,,,,,,,,1,1,1,1,,,,,,,,,,,,,,,1,,,,,1,1
195,2020-09-13,2621,781,129,104,268,346,179,38,82,21,87,10,53,34,31,1,37,29,9,6,22,12,14,22,32,36,20,10,8,13,1,28,6,1,6,7,7,4,10,12,7,,4,7,3,,,2,5,2,4,1,10,2,1,4,3,,,2,5,,1,3,1,,1,,3,1,,,2,,4,2,3,,,2,,1,,1,,,2,,,,,1,,,,1,,,,,,,,,,,,1,1,1,1,,,,,,,,,,,,,,,1,,,,,1,1
196,2020-09-14,2644,788,130,106,271,347,180,38,82,23,87,10,53,35,31,1,37,29,9,6,22,13,14,22,32,36,21,10,8,13,1,29,6,1,6,7,7,4,10,12,8,,4,7,3,,,2,6,2,4,1,10,2,1,4,3,,,2,5,,1,3,1,,1,,3,1,,,2,,4,2,3,,,2,,1,,1,,,2,,,,,1,,,,1,,,,,,,,,,,,1,1,1,1,,,,,,,,,,,,,,,1,,,,,1,1
197,2020-09-15,2692,805,133,113,272,350,180,39,85,23,87,10,53,36,32,2,39,29,9,7,22,13,14,24,32,36,23,10,8,13,1,30,6,1,7,7,7,4,10,12,8,,4,7,3,,,2,6,2,4,1,10,2,1,4,3,,,2,5,,1,3,1,,1,,3,1,,,2,,4,2,3,,,2,,1,1,1,,,2,,,,,1,,,,1,,,,,,,,,,,,1,1,1,1,,,,,,,,,,,,,,,1,,,,,1,1
198,2020-09-16,2744,823,139,121,275,353,182,39,89,24,87,10,55,37,33,2,39,29,9,7,22,13,14,24,32,36,23,10,8,13,1,31,6,1,7,7,7,4,10,12,8,,4,7,3,,,2,7,2,4,1,10,2,1,4,3,1,,2,5,,1,3,1,,1,,3,1,,,2,,4,2,3,,,2,,1,1,1,,,2,,,,,1,,,,1,,,,,,,,,,,,1,1,1,1,,,,,,,,,,,,,,,1,,,,,1,1
199,2020-09-17,2786,838,140,129,276,358,183,39,89,25,87,10,56,37,35,2,42,29,9,7,22,13,14,24,32,37,24,10,8,13,1,31,6,1,7,7,7,4,10,12,8,,5,7,3,,,2,7,2,4,1,10,2,1,4,3,1,,2,5,,1,4,1,,1,,3,1,,,2,,4,2,3,,,2,,1,1,1,,,2,,,,,1,,,,1,,,,,,,,,,,,1,1,1,1,,,,,,,,,,,,,,,1,,,,,1,1
200,2020-09-18,2818,844,141,134,277,364,183,41,90,25,87,10,58,37,37,2,42,29,9,7,22,13,14,24,32,37,25,10,8,13,1,31,7,1,7,7,7,5,10,12,8,,5,7,3,,,2,7,2,7,1,10,2,1,4,3,1,,2,5,,1,4,1,,1,,3,1,,,2,,4,2,3,,,2,,1,1,1,,,2,,,,,1,,,,1,,,,,,,,,,,,1,1,1,1,,,,,,,,,,,,,,,1,,,,,1,1
201,2020-09-19,2861,856,145,140,278,366,183,42,95,26,87,10,60,37,39,2,42,30,9,7,22,13,14,26,32,37,27,10,8,13,1,31,7,1,7,7,7,5,10,12,9,,5,7,3,,,2,7,2,7,1,10,2,1,4,3,1,,2,5,,1,4,1,,1,,3,1,,,2,,4,2,3,,,2,,1,2,1,,,2,,,,,1,,,,1,,,,,,,,,,,,1,1,1,1,,,,,,,,,,,,,,,1,,,,,1,1
202,2020-09-20,2883,858,148,143,281,366,183,43,98,26,87,10,61,37,40,2,43,30,9,7,23,13,14,26,32,37,27,10,8,13,1,31,7,1,8,7,7,5,10,12,9,,5,7,3,,,2,7,2,8,1,10,2,1,4,3,1,,2,5,,1,4,1,,1,,3,1,,,2,,4,3,3,,,2,,1,2,1,,,2,,,,,1,,,,1,,,,,,,,,,,,1,1,1,1,,,,,,,,,,,,,,,1,,,,,1,1
203,2020-09-21,2916,862,150,150,282,368,184,45,100,26,87,10,61,38,41,2,43,30,9,7,26,13,14,26,32,37,27,10,8,13,1,32,9,3,8,7,7,6,10,12,9,,5,7,3,,,2,8,2,8,1,10,2,1,4,3,1,,2,5,,1,4,1,,1,,3,1,,,2,,4,3,3,,,2,,1,2,1,,,2,,,,,1,,,,1,,,,,,,,,,,,1,1,1,1,,,,,,,,,,,,,,,1,,,,,1,1
204,2020-09-22,2978,884,153,156,282,372,184,48,106,29,87,10,63,38,41,2,43,31,9,7,28,14,14,26,33,38,28,11,8,14,1,32,9,3,8,7,7,6,10,12,9,,5,7,3,,,2,8,2,8,2,10,2,1,4,3,1,1,2,5,,1,4,1,,1,,3,1,,,2,,4,3,3,,,2,,1,3,1,,,2,,,,,1,,,,1,,,,,,1,,,,,,1,1,1,1,,,,,,,,,,,,,,,1,,,,,1,1
205,2020-09-23,3010,892,154,160,286,376,184,48,108,31,87,10,65,38,41,2,44,31,9,7,28,15,14,26,33,40,28,11,8,14,1,32,9,3,8,7,7,6,10,12,9,,5,7,3,,,2,8,2,9,2,10,2,1,4,3,1,1,2,5,,1,4,1,,1,,3,1,,,2,,4,3,3,,,2,,1,3,1,,,2,,,,,1,,,,1,,,,,,1,,,,,,1,1,1,1,,,,,,,,,,,,,,,1,,,,,1,1
206,2020-09-24,3057,910,155,169,287,382,186,49,109,31,87,10,66,38,41,2,45,31,9,7,29,16,14,27,34,40,29,11,8,14,1,32,9,3,8,7,7,6,10,12,9,,5,7,3,,,2,8,2,9,2,10,2,1,5,3,1,1,2,5,,1,4,1,,1,,3,1,,,2,,4,3,3,,,2,,1,3,1,,,2,,,,,1,,,,1,,,,,,1,,,,,,1,1,1,1,,,,,,,,,,,,,,,1,,,,,1,1
207,2020-09-25,3095,920,159,176,290,384,187,49,113,32,87,10,67,38,41,2,45,31,9,8,29,16,14,27,35,40,29,11,8,14,1,32,9,4,8,7,7,6,10,12,9,,5,7,3,,,2,8,2,9,2,10,2,1,5,3,2,1,2,5,,1,4,1,,1,,3,1,,,3,,4,3,3,,,2,,1,3,1,,,2,,,,,1,,,,1,,,,,,1,,,,,,1,1,1,1,,,,,,,,,,,,,,,1,,,,,1,1
208,2020-09-26,3115,923,160,179,290,385,187,49,114,33,87,10,67,38,41,2,45,32,10,9,30,16,14,28,35,42,31,11,8,14,1,32,9,4,9,7,7,6,10,12,9,,5,7,3,,,2,8,2,9,2,10,2,1,5,3,2,1,2,5,,1,4,1,,1,,3,1,,,3,,4,3,3,,,2,,1,3,1,,,2,,,,,1,,,,1,,,,,,1,,,,,,1,1,1,1,,,,,,,,,,,,,,,1,,,,,1,1
209,2020-09-27,3130,924,163,180,292,386,187,51,114,33,87,10,67,38,41,2,45,32,10,9,30,16,14,28,35,42,31,11,8,14,1,33,9,4,11,7,7,6,10,12,9,,5,7,3,,,2,8,2,9,2,10,2,1,5,3,2,1,2,5,,1,4,1,,1,2,3,1,,,3,,4,3,3,,,2,,1,3,1,,,2,,,,,1,,,,1,,,,,,1,,,,,,1,1,1,1,,,,,,,,,,,,,,,1,,,,,1,1
210,2020-09-28,3147,928,164,181,292,386,188,51,116,34,87,10,68,38,41,2,45,33,10,10,30,16,14,28,35,44,32,11,8,14,1,33,9,4,12,7,7,6,10,12,9,,5,7,3,,,2,8,2,9,2,10,2,1,5,3,2,1,2,5,,1,4,1,,1,2,3,1,,,3,,4,3,3,,,2,,1,3,1,,,2,,,,,1,,,,1,,,,,,1,,,,,,1,1,1,1,,,,,,,,,,,,,,,1,,,,,1,1
211,2020-09-29,3189,937,166,185,297,387,189,51,118,37,88,10,70,38,41,2,45,33,10,11,30,16,14,28,36,44,33,11,8,14,1,33,9,4,18,7,7,6,10,12,10,,5,7,3,,,2,9,2,9,2,10,2,1,5,3,2,2,2,5,,1,4,1,,1,2,3,1,,,3,,4,3,3,,,2,,1,3,1,,,2,,,,,1,,,,1,,,,,,1,,,,,,1,1,1,1,,,,,,,,,,,,,,,1,,,,,1,1
212,2020-09-30,3244,954,173,192,303,389,190,53,124,37,89,10,71,38,41,2,46,33,10,11,30,16,14,28,37,44,35,11,8,14,1,33,9,4,18,8,7,6,10,12,10,,5,7,3,,,2,9,2,9,2,10,2,1,5,3,2,2,2,5,,1,4,1,,1,2,3,1,,,3,,4,3,3,,,2,,1,3,1,,,2,,,,,1,,,,1,,,,,,1,,,,,,1,1,1,1,,,,,,,,,,,,,,,1,,,,,1,1
213,2020-10-01,3281,964,177,195,309,391,191,53,125,37,89,10,73,38,41,2,46,33,10,13,30,16,14,28,38,45,36,11,8,14,1,33,9,5,18,8,7,6,10,14,10,,5,7,3,,,2,9,2,9,2,10,2,1,5,3,2,2,2,5,,1,4,1,,1,2,3,1,,,3,,4,3,3,,,2,,1,3,1,,,2,,,,,1,,,,1,,,,,,1,,,,,,1,1,1,1,,,,,,,,,,,,,,,1,,,,,1,1
214,2020-10-02,3346,976,183,205,311,391,193,53,128,44,89,10,73,38,43,2,47,34,10,13,33,16,15,28,39,46,37,11,8,14,1,33,15,5,18,12,7,6,10,15,10,,5,7,3,,,2,9,2,9,2,10,3,1,5,3,2,2,2,5,,1,4,1,,1,2,3,1,,,3,,4,3,3,,,2,,1,3,1,,,2,,,,,1,,,,1,,,,,,1,,,,,,1,1,1,1,,,,,,,,,,,,,,,1,,,,,1,1
215,2020-10-03,3368,981,186,205,311,391,194,55,130,44,89,10,73,38,44,2,47,34,10,16,34,16,15,28,39,46,37,11,8,14,1,33,16,5,18,14,7,6,10,15,10,,5,7,3,,,2,9,2,9,2,10,3,1,5,3,2,2,2,5,,1,4,1,,1,2,3,1,,,3,,4,3,3,,,2,,1,3,1,,,2,1,,,,1,,,,1,,,,,,1,,,,,,1,1,1,1,,,,,,,,,,,,,,,1,,,,,1,1
216,2020-10-04,3393,987,188,206,312,392,196,55,132,45,89,10,74,38,44,2,48,35,10,16,35,16,15,28,39,46,37,12,8,14,1,33,16,6,18,16,7,6,10,15,11,,5,7,3,,,2,9,2,9,2,10,3,1,5,3,2,2,2,5,,1,4,1,,1,2,3,1,,,3,,4,3,3,,,2,,1,3,1,,,2,1,,,,1,,,,1,,,,,,1,,,,,,1,1,1,1,,,,,,,,,,,,,,,1,,,,,1,1
217,2020-10-05,3421,989,192,211,313,394,198,58,134,47,89,10,74,38,44,2,48,35,10,17,35,16,15,28,39,46,39,12,8,15,1,33,16,6,18,16,7,6,10,15,11,,5,7,3,,,2,9,2,9,2,10,3,1,5,3,2,2,2,5,,1,4,1,,1,2,3,1,,,3,,4,3,3,,,2,,1,3,1,,,2,1,,,,1,,,,1,,,,,,1,,,,,,1,1,1,1,,,,,,,,,,1,,,,,1,,,,,1,1
218,2020-10-06,3449,1002,193,214,315,394,200,61,135,47,89,10,75,38,44,2,48,35,10,19,35,16,15,28,39,46,39,12,8,15,1,33,16,6,18,16,7,6,10,15,11,,5,7,3,,,2,9,2,9,2,10,3,1,5,3,2,2,2,5,,1,4,1,,1,2,3,1,,,3,,4,3,3,,,2,,1,3,1,,,2,1,,,,1,,,,1,,,,,,1,,,,,,1,1,1,1,,,,,,,,,,1,,,,,1,,,,,1,1
219,2020-10-07,3500,1009,198,222,316,396,203,65,140,47,89,10,77,38,44,2,49,35,10,20,35,16,16,28,39,46,42,12,8,15,1,33,18,6,18,18,8,6,10,15,11,,5,7,3,,,2,9,2,9,2,10,3,1,5,3,2,2,2,5,,1,4,1,,1,2,3,1,,,3,,4,3,3,,,2,,1,3,1,2,,2,1,,,,1,,,,1,,1,,,,1,,,,,,1,1,1,1,,,,,,,,,,1,,,,,1,,,,,1,1
220,2020-10-08,3538,1018,199,225,318,398,204,70,143,47,90,10,78,38,46,2,49,36,11,21,35,16,16,29,39,47,44,12,8,15,1,33,18,7,18,18,8,6,10,15,11,,5,7,3,,,2,9,2,9,2,10,3,1,5,3,2,2,2,5,,1,4,1,,1,2,3,1,,,3,,4,3,3,,,2,,1,3,1,2,,2,1,,,,1,,,,1,,1,,,,1,,,,,,1,1,1,1,,,,,,,,,,1,,,,,1,,,,,1,1
221,2020-10-09,3578,1034,206,226,321,398,206,74,144,49,90,10,78,38,46,2,51,36,11,21,35,16,16,29,39,47,44,12,8,15,1,33,19,7,18,18,8,6,10,15,11,,5,7,3,,,2,9,2,9,2,10,3,1,5,3,2,2,2,5,,1,5,1,,1,2,3,1,,,3,,4,3,3,,,2,,1,3,1,2,,2,1,,,,1,,,,1,,1,,,,1,,,,,,1,1,1,1,,,,,,,,,,1,,,,,1,,,,,1,1
222,2020-10-10,3611,1042,210,228,321,399,213,76,145,49,90,10,78,38,46,2,55,36,11,21,36,16,16,29,39,47,46,12,8,15,1,33,19,7,18,18,8,6,10,15,12,,5,7,3,,,2,9,2,9,2,10,3,1,5,3,2,2,2,5,,1,5,1,,1,2,3,1,,,3,,4,3,3,,,2,,1,3,1,2,,2,1,,,,1,,,,1,,1,,,,1,,,,,,1,1,1,1,,,,,,,,,,1,,,,,1,,,,,1,1
223,2020-10-11,3633,1046,213,228,321,399,213,78,145,55,90,10,78,38,47,2,56,36,11,21,36,16,17,30,39,48,47,12,8,15,1,33,19,8,18,18,8,6,10,15,12,,5,7,3,,,2,9,2,9,2,10,3,1,5,3,2,2,2,5,,1,5,1,,1,2,3,1,,,3,,4,3,3,,,2,,1,3,1,2,,2,1,,,,1,,,,1,,1,,,,1,,,,,,1,1,1,1,,,,,,,,,,1,,,,,1,,,,,1,1
224,2020-10-12,3680,1064,218,231,322,399,217,80,148,56,91,10,80,38,47,2,56,36,11,22,36,16,18,30,39,48,50,12,8,15,2,33,19,8,18,18,8,6,10,15,12,,5,7,3,,,2,10,2,9,2,10,3,1,5,3,2,2,2,5,,1,5,1,,1,2,3,1,,,3,,4,3,3,,,2,,1,3,1,2,,2,1,,,,1,,,,1,,1,,,,1,,,,,,1,1,1,1,,,,,,,,,,1,,,,,1,,,,,1,1
225,2020-10-13,3759,1087,231,235,331,399,220,87,150,57,92,10,81,38,47,2,56,36,11,23,37,16,18,33,39,50,54,12,8,15,3,33,19,9,18,18,8,6,10,15,12,,5,7,3,,,2,10,2,9,2,10,3,1,5,3,3,3,2,5,,1,5,1,,1,2,3,1,,,3,,4,3,3,,,2,,1,3,1,2,,2,1,,,,1,,,,1,,1,,,,1,,,,,,1,1,1,1,,,,,,,,,,1,,,,,1,,,,,1,1
226,2020-10-14,3800,1101,237,238,334,400,226,89,150,59,92,10,81,38,47,2,56,36,11,23,37,16,18,34,39,50,55,12,8,15,3,33,19,9,18,18,8,7,10,16,12,,5,7,3,,,2,10,2,9,2,10,3,1,5,3,3,3,2,5,,1,5,1,,1,2,3,1,,,3,,4,3,3,,,2,,1,3,1,2,,2,1,,,,1,,,,1,,1,,,,1,,,,,,1,1,1,1,,,,,,,,,,1,,,,,1,,,,,1,1
227,2020-10-15,3822,1107,244,238,334,401,229,90,150,60,92,10,81,38,47,2,56,36,11,24,37,16,18,34,39,50,55,12,8,15,3,33,19,9,18,18,8,7,10,17,13,,5,7,3,,,2,10,2,9,2,10,3,1,5,3,3,3,2,5,,1,5,1,,1,2,3,1,,,3,,4,3,3,,,2,,1,3,1,2,,2,1,,,,1,,,,1,,1,,,,1,,,,,,1,1,1,1,,,,,,,,,,1,,,,,1,,,,,1,1
228,2020-10-16,3857,1117,252,241,335,403,231,91,150,61,92,10,81,38,47,2,56,36,11,26,40,16,18,34,39,50,55,12,8,15,4,33,19,10,18,18,8,7,10,17,13,,5,7,3,,,2,10,2,9,2,10,3,1,5,3,3,3,2,5,,1,5,1,,1,2,3,1,,,3,,4,3,3,,,2,,1,3,1,2,,2,1,,,,1,,,,1,,1,,,,1,,,,,,1,1,1,1,,,,,,,,,,1,,,,,1,,,,,1,1
229,2020-10-17,3882,1121,257,241,339,403,232,97,151,62,92,10,81,38,47,2,56,36,11,26,41,17,18,35,39,50,55,12,8,15,4,33,19,10,18,18,8,7,10,17,13,,5,7,3,,,2,10,2,9,2,10,3,1,5,3,3,3,2,5,,1,5,1,,1,2,3,1,,,3,,4,3,3,,,2,,1,3,1,2,,2,1,,,,1,,,,1,,1,,,,1,,,,,,1,1,1,1,,,,,,,,,,1,,,,,1,,,,,1,1
230,2020-10-18,3915,1126,262,244,343,403,234,97,153,66,92,10,81,38,47,2,57,36,11,26,41,17,18,36,39,51,55,12,8,16,4,33,19,11,18,18,8,7,10,17,13,,5,7,3,,,2,10,2,9,2,10,3,1,5,3,3,3,2,5,,1,5,1,,1,2,3,1,1,,3,,4,3,3,1,,2,,1,3,1,2,,2,1,,,,1,,,,1,,1,,,,1,,,,,,1,1,1,1,,,,,,,1,,,1,,,,,1,,,,,1,1
231,2020-10-19,3963,1133,271,246,348,403,237,102,153,71,92,11,84,38,47,2,58,36,11,26,41,19,18,36,39,51,56,12,8,16,4,33,19,13,18,18,8,7,10,17,13,,6,7,3,,,2,10,2,10,2,10,3,1,5,3,3,3,2,5,,1,5,1,,1,2,3,1,1,,3,,4,3,3,1,,2,,1,3,1,2,,2,1,,,,1,,,,1,,1,,,,1,,,,,,1,1,1,1,,,,,,,1,,,1,,,,,1,,,,,1,1
232,2020-10-20,4008,1138,279,251,354,404,239,106,155,72,92,12,85,38,48,2,58,36,11,26,42,19,18,36,39,52,57,14,8,17,4,33,20,13,18,18,8,8,10,17,13,,6,7,3,,,2,10,2,10,2,10,3,1,5,3,3,3,2,5,,1,5,1,,1,2,3,1,1,,3,,4,3,3,1,,2,,1,3,1,2,,2,1,,,,1,,,,1,,1,,,,1,,,,,,1,1,1,1,,,,,,,1,,,1,,,,,1,,,,,1,1
233,2020-10-21,4055,1150,287,254,358,404,240,111,156,77,94,12,86,38,49,2,58,36,11,26,42,19,19,37,39,52,57,14,9,17,4,33,20,13,18,18,8,8,10,17,13,,6,7,3,,,2,10,2,10,2,10,3,1,5,3,3,3,2,5,,1,5,1,,1,2,3,1,1,,3,,4,3,3,1,,2,,1,3,1,2,,2,1,,,,1,,,,1,,1,,,,1,,,,,,1,1,1,1,,,1,,,,1,,,1,,,,,1,,,,,1,1
234,2020-10-22,4095,1157,298,254,362,405,243,112,157,78,94,12,86,38,49,2,59,36,12,27,44,19,19,39,39,52,57,16,9,17,5,33,20,13,18,18,8,8,10,17,13,,6,7,3,,,2,10,2,10,2,10,3,1,5,4,3,3,2,5,,1,5,1,,1,2,3,1,1,,3,,4,3,3,1,,2,,1,3,1,2,,2,1,,,,1,,,,1,,1,,,,1,,,,,,1,1,1,1,,,1,,,,1,,,1,,,,,1,,,,,1,1
235,2020-10-23,4142,1165,309,262,366,407,245,113,158,79,95,12,86,38,49,2,59,36,12,28,44,19,19,39,39,52,57,16,9,19,5,33,20,13,18,18,9,9,10,17,13,,6,7,3,,,2,10,2,10,2,10,3,1,5,4,3,5,2,5,,2,5,1,,1,2,3,1,1,,3,,4,3,3,1,,2,,1,3,1,2,,2,1,,,,1,,,,1,,1,,,,1,,,,,,1,1,1,1,,,1,,,,1,,,1,,,,,1,,,,,1,1
236,2020-10-24,4177,1168,318,263,369,408,245,118,160,80,95,12,86,39,49,2,60,36,12,28,44,20,20,39,39,52,58,17,10,21,5,33,20,13,18,18,9,9,10,17,13,,6,7,3,,,2,10,2,10,2,10,3,1,5,4,3,5,2,5,,2,5,1,,1,2,3,1,1,,3,,4,3,3,1,,2,,1,3,1,2,,2,1,,,,1,,,,1,,1,1,,,1,,,,,,1,1,1,1,,,1,,,,1,,,1,,,,,1,,,,,1,1
237,2020-10-25,4205,1173,325,266,369,410,245,118,160,83,95,13,88,39,49,2,60,36,12,28,44,20,21,39,39,52,58,18,10,21,5,33,20,14,18,19,9,9,10,17,14,,6,7,3,,,2,10,2,10,2,10,3,1,5,4,3,5,2,5,,2,5,1,,1,2,3,1,1,,3,,4,3,3,1,,2,,1,3,1,2,,2,1,,,,1,,,,1,,1,1,,,1,,,,,,1,1,1,1,,,1,,,,1,,,1,,,,,1,,,,,1,1
238,2020-10-26,4264,1192,335,267,369,413,246,119,162,88,95,14,90,39,49,2,60,37,12,30,46,21,22,39,39,52,58,19,11,22,5,33,20,16,18,19,9,11,10,17,14,,6,7,3,,,2,10,2,10,2,10,3,1,5,4,3,5,2,5,,2,5,1,,1,2,3,1,1,,3,,4,3,3,1,,2,,1,3,1,2,,2,1,,,,1,,,,1,,1,1,,,1,,,,,,1,1,1,1,,,1,,,,1,,,1,,,,,1,,,,,1,1
239,2020-10-27,4323,1205,347,273,377,415,246,122,163,90,96,14,92,39,49,2,61,37,12,30,46,21,22,39,39,52,59,19,12,22,5,33,20,16,18,19,9,11,10,17,14,,12,7,3,,,2,10,2,10,2,10,3,1,5,4,3,5,2,5,,2,5,1,,1,2,3,1,1,,3,,4,3,3,1,,2,,1,3,1,2,,2,1,,,,1,,,,1,,1,1,,,1,,,,,,1,1,1,1,,,1,,,,1,,,1,,,,,1,,,,,1,1
240,2020-10-28,4352,1214,353,273,380,415,247,122,165,92,97,14,92,39,49,2,61,37,12,30,47,21,22,39,39,52,59,19,12,24,5,33,20,16,18,19,9,11,10,17,14,,12,7,4,,,2,10,2,10,2,10,3,1,5,4,3,5,2,5,,2,5,1,,1,2,3,1,1,,3,,4,3,3,1,,2,1,1,3,1,2,,2,1,,,,1,,,,1,,1,1,,,1,,,,,,1,1,1,1,,,1,,,,1,,,1,,,,,1,,,,,1,1
241,2020-10-29,4399,1225,364,275,384,416,247,123,166,99,97,14,93,39,50,2,61,38,13,30,47,21,22,41,40,52,59,19,13,24,5,33,20,17,18,19,9,11,10,17,14,,12,7,4,,,2,10,2,10,2,10,3,1,5,4,3,5,2,5,,2,5,1,,1,2,3,1,1,,3,,4,3,3,1,,2,1,1,3,1,2,,2,1,,,,1,,,,1,,1,1,,,1,,,,,,1,1,1,1,,,1,,,,1,,,1,,,,,1,,,,,1,1
242,2020-10-30,4453,1230,389,278,386,419,247,126,167,101,97,15,93,39,50,2,61,38,13,31,47,24,22,42,40,52,60,20,15,24,5,33,20,17,18,19,9,11,10,17,14,,12,7,4,,,2,10,2,10,2,10,3,1,5,4,3,5,2,5,,2,5,1,,1,2,3,1,1,,3,,4,3,3,1,,2,1,1,3,1,2,,2,1,,,,1,,,,1,,1,1,,,1,,,,,,1,1,1,1,,,1,,,,1,,,1,,,,,1,,,,,1,1
243,2020-10-31,4497,1239,407,279,390,419,248,128,167,101,97,19,94,39,50,2,61,38,13,32,47,24,22,42,40,53,60,21,15,24,6,33,20,17,18,19,9,11,10,17,14,,12,7,4,,,2,10,2,10,2,10,3,1,5,4,3,5,2,5,,2,5,1,,1,2,3,1,1,,3,,4,3,3,1,,2,1,1,3,1,2,,2,1,,,,1,,,,1,,1,1,,,1,,,,,,1,1,1,1,,,1,,,,1,,,1,,,,,1,,,,,1,1
244,2020-11-01,4545,1249,422,285,390,420,250,130,167,102,97,23,95,39,50,2,63,38,13,33,48,24,22,42,40,53,60,21,15,24,6,33,20,19,18,19,9,11,10,17,14,,12,7,4,,,2,10,2,10,2,10,3,1,5,4,3,5,2,5,,2,5,1,,1,2,3,1,1,,3,,4,3,3,1,,2,1,1,3,1,2,,2,1,,,,1,,,,1,,1,1,,,1,,,,,,1,1,1,1,,,1,,,,1,,,1,,,,,1,,,,,1,1
245,2020-11-02,4613,1271,443,285,395,420,251,133,170,103,98,25,96,39,51,2,64,40,13,34,49,24,23,42,40,53,60,21,15,24,6,33,20,19,18,19,9,11,10,17,14,,12,7,4,,,2,10,2,10,2,10,3,1,5,4,3,5,2,5,,2,5,1,,1,2,3,1,1,,3,,4,3,3,1,,2,1,1,3,1,2,,2,1,1,,,1,,,,1,,1,1,,,1,,,,,,1,1,1,1,,,1,,,,1,,,1,,,,,1,,,,,1,1
246,2020-11-03,4691,1281,472,292,403,422,251,137,171,104,99,25,96,40,52,2,64,46,13,35,50,24,23,42,40,53,61,22,15,24,6,33,20,19,18,19,10,13,10,17,14,,12,7,4,,,2,10,2,10,2,10,3,1,5,4,3,5,2,5,,2,5,1,,1,2,3,1,1,,3,,4,3,3,1,,2,1,1,3,1,2,,2,1,1,,,1,,,,1,,1,1,,,1,,,,,,1,1,1,1,,,1,,,,1,,,1,,,,,1,,,,,1,1
247,2020-11-04,4749,1297,487,295,408,424,252,140,172,106,99,25,96,41,52,2,64,46,13,36,50,24,23,44,40,53,62,25,15,24,6,33,20,19,19,19,10,13,10,17,14,,12,7,4,,,2,10,2,10,2,10,3,1,5,4,3,5,2,5,,2,5,1,,1,2,3,1,1,1,3,,4,3,3,1,,2,1,1,3,1,2,,2,1,1,,,1,,,,1,,1,1,,,1,,,,,,1,1,1,1,,,1,,,,1,,,1,,,,,1,,,,,1,1
248,2020-11-05,4824,1310,513,298,414,427,253,143,172,108,99,26,96,42,53,2,65,47,13,36,51,24,23,44,40,53,62,25,16,24,6,33,27,20,19,20,10,13,10,17,14,,12,7,4,,,2,10,2,10,3,10,3,1,5,4,3,5,2,5,,2,5,2,,1,2,3,1,1,1,3,,4,3,3,1,,2,1,1,3,1,2,,2,1,1,,,1,,,,1,,1,1,,,1,,,,,,1,1,1,1,,,1,,,,1,,,1,,,,,1,,,,,1,1
249,2020-11-06,4887,1318,535,303,423,429,253,146,174,109,99,26,96,42,54,2,65,47,14,37,51,27,25,44,40,53,62,26,16,24,6,33,27,20,19,20,10,13,10,17,14,,12,7,4,,,2,10,2,10,3,10,3,1,5,4,3,5,2,5,,2,5,3,,1,2,3,1,1,1,3,,4,3,3,1,,2,1,1,3,1,2,1,2,1,1,,,1,,,,1,,1,1,,,1,,,,,,1,1,1,1,,,1,,,,1,,,1,,,,,1,,,,,1,1
250,2020-11-07,4921,1323,540,304,429,430,254,149,177,109,100,26,96,42,55,2,65,48,14,39,51,27,25,45,40,53,62,26,16,24,6,33,27,22,19,20,10,13,10,17,14,,12,7,4,,,2,10,2,10,4,10,3,1,5,4,3,5,2,5,,2,5,3,,1,2,3,1,1,1,3,,4,3,3,1,,2,1,1,3,1,2,1,2,1,1,,,1,,,,1,,1,1,,,1,,,,,,1,1,1,1,,,1,,,,1,,,1,,,,,1,,,,,1,1
251,2020-11-08,4946,1329,547,304,432,430,254,150,178,110,100,29,96,42,55,2,65,48,14,39,51,27,25,46,40,53,62,27,16,25,6,33,27,22,19,20,10,13,10,17,14,,12,7,4,,,2,10,2,10,4,10,3,1,5,4,3,5,2,5,,2,5,3,,1,2,3,1,1,1,3,,4,3,3,1,,2,1,1,3,1,2,1,2,1,1,,,1,,,,1,,1,1,,,1,,,,,,1,1,1,1,,,1,,,,1,,,1,,,,,1,,,,,1,1
252,2020-11-09,5003,1348,561,307,438,431,256,151,178,113,101,29,96,42,55,2,65,48,14,40,52,27,25,46,40,53,62,29,16,25,6,33,28,22,19,20,10,13,10,17,14,,12,7,4,,,2,10,2,10,4,10,3,1,5,4,3,5,2,5,,2,5,3,,1,2,3,1,1,1,3,,4,3,3,1,,2,1,1,3,1,2,1,2,1,1,,,1,,,1,1,1,1,1,,,1,,,,,,1,1,1,1,,,1,,,,1,,,1,,,,,1,,,,,1,1
253,2020-11-10,5072,1368,583,310,442,432,257,154,179,118,104,30,96,42,55,2,66,49,14,40,52,27,25,46,40,53,62,29,16,25,6,33,28,22,19,20,10,13,10,17,14,,12,8,4,,,2,10,2,10,6,10,3,1,5,4,3,5,2,5,,2,5,3,,1,2,3,1,1,1,3,,4,3,3,1,,2,1,1,3,1,2,1,2,1,1,,,1,,,1,1,1,1,1,,,1,,,,,,1,1,1,1,,,1,,,,1,,,1,,,,,1,,,,,1,1
254,2020-11-11,5123,1383,598,314,446,434,258,157,179,120,104,30,96,43,56,2,66,49,14,41,53,27,25,46,40,53,62,29,17,25,6,33,28,22,19,20,10,13,10,17,14,,12,8,4,,,2,10,2,10,6,10,3,1,5,4,3,5,2,5,,2,5,3,,1,2,3,1,1,1,3,,4,3,3,1,,2,1,1,3,1,2,1,2,1,1,,,1,,,1,1,1,1,1,,,1,,,,,,1,1,1,1,,,1,,,,1,,,1,,,,,1,,,,,1,1
255,2020-11-12,5179,1401,606,314,452,434,259,162,180,122,105,30,99,43,57,3,68,50,15,41,53,27,25,46,41,54,63,29,18,25,6,33,28,22,20,20,10,13,10,17,14,,12,8,4,,,2,10,2,10,6,10,3,1,5,4,3,5,2,5,,2,5,3,,1,2,3,1,1,1,3,,4,3,3,1,,2,1,1,3,1,2,1,2,1,1,,,1,,,1,1,1,1,1,,,1,,,,,,1,1,1,1,,,1,,,,1,,,1,,,,,1,,,,,1,1
256,2020-11-13,5228,1406,620,318,459,436,260,169,180,122,105,30,100,43,58,3,69,50,15,42,53,31,25,46,41,54,63,29,18,25,6,33,28,22,20,20,10,13,10,17,14,,12,8,4,,,2,10,2,10,6,10,3,1,5,4,3,5,2,5,,3,5,3,,1,2,3,1,1,1,3,,4,3,3,1,,2,1,1,3,1,2,1,2,1,1,,,1,,,1,1,1,1,1,,,1,,,,,,1,1,1,1,,,1,,,,1,,,1,,,,,1,,,,,1,1
257,2020-11-14,5271,1410,629,319,464,441,260,171,181,126,106,30,101,43,58,3,70,51,15,42,53,31,26,47,41,54,63,29,19,25,7,33,28,22,20,20,10,13,10,17,14,,13,8,4,1,,2,10,2,10,7,10,3,1,5,4,3,5,2,5,,3,5,4,,1,2,3,1,1,1,3,,4,3,3,1,,2,1,1,3,1,2,1,2,1,1,,,1,,,1,1,1,1,1,,,1,,,,,,1,1,1,1,,,1,,,,1,,,1,,,,,1,,,,,1,1
258,2020-11-15,5295,1416,632,321,467,441,260,172,185,126,106,30,101,43,59,3,70,51,15,42,54,34,26,47,41,54,63,29,19,25,7,33,28,22,20,20,10,13,10,17,14,,13,8,4,1,,2,10,2,10,7,10,3,1,5,4,3,5,2,5,,3,5,4,,1,2,3,1,1,1,3,,4,3,3,1,,2,1,1,3,1,2,1,2,1,1,,,1,,,1,1,1,1,1,,,1,,,,,,1,1,1,1,,,1,,,,1,,,1,,,,,1,,,,,1,1
259,2020-11-16,5359,1438,638,326,472,441,261,176,187,127,106,33,102,43,60,3,70,51,15,42,55,35,26,50,41,55,63,30,20,26,7,33,28,23,20,20,10,13,10,17,14,,13,8,4,1,,3,10,3,10,7,10,3,1,5,4,3,5,2,5,,3,5,4,,1,2,3,1,2,1,3,,4,3,3,1,,2,1,1,3,1,2,1,2,1,1,,,1,,,1,1,1,1,1,,,1,,,,,,1,1,1,1,,,1,,,,1,,,1,,,,,1,,,,,1,1
260,2020-11-17,5407,1455,643,330,477,441,262,179,188,129,106,35,102,43,60,3,70,52,15,42,57,35,26,50,41,55,63,32,20,26,7,33,28,23,20,20,10,13,10,17,14,,13,8,4,1,,4,10,3,10,7,10,3,1,6,4,3,5,2,5,,3,5,4,,1,2,3,1,2,1,3,,4,3,3,1,,2,1,1,3,1,2,1,2,1,1,,,1,1,,1,1,1,1,1,,,1,,,,,,1,1,1,1,,,1,,,,1,,,1,,,,,1,,,,,1,1
261,2020-11-18,5471,1466,664,333,479,444,264,181,189,130,107,35,102,43,63,3,71,55,15,42,58,36,27,53,41,57,63,32,20,26,7,33,28,24,20,20,10,13,10,17,14,,13,8,4,1,,4,10,3,10,7,10,3,1,6,4,3,5,2,5,,3,5,4,,1,2,3,1,2,1,3,,4,3,3,1,,2,1,1,3,1,2,1,2,1,1,,,1,1,,1,1,1,1,1,,,1,,,,,,1,1,1,1,1,,1,,,,1,,,1,,,,,1,,,,,1,1
262,2020-11-19,5517,1485,674,335,481,446,264,182,189,131,108,35,103,43,63,3,71,56,15,42,58,37,27,53,41,57,63,33,20,26,7,33,28,26,20,20,10,13,10,17,14,,14,8,4,1,,4,10,3,10,7,10,3,1,6,4,3,5,2,5,,3,5,4,,1,2,3,1,2,1,3,,4,3,3,1,,2,1,1,3,1,2,2,2,1,1,,,1,1,,1,1,1,1,1,,,1,,,,,,1,1,1,1,1,,1,,,,1,,,1,,,,,1,,,,,1,1
263,2020-11-20,5576,1504,685,345,484,446,264,184,191,131,111,35,103,43,64,3,71,56,15,43,58,38,30,53,41,57,63,34,20,26,7,33,28,26,20,20,10,13,10,17,14,,14,8,4,1,,4,10,3,10,7,10,3,1,6,4,3,5,2,5,,4,5,4,,1,2,3,1,2,1,3,,4,3,3,1,,2,1,1,3,1,2,2,2,1,1,1,,1,1,,1,1,1,1,1,,,1,,,,,,1,1,1,1,1,,1,,,,1,,,1,,,,,1,,,,,1,1
264,2020-11-21,5604,1517,689,350,485,446,264,185,192,131,111,36,103,43,64,3,71,57,15,43,59,38,30,53,41,57,63,34,20,26,7,33,28,26,20,20,10,13,10,17,14,,14,8,4,1,,4,10,3,10,7,10,3,1,6,4,3,5,2,5,,4,5,4,,1,2,3,1,2,1,3,,4,3,3,1,,2,1,1,3,1,2,2,2,1,1,1,,1,1,,1,1,1,1,1,,,1,,,,,,1,1,1,1,1,,1,,,,1,,,1,,,,,1,,,,,1,1
265,2020-11-22,5635,1525,694,350,487,447,265,185,194,135,111,38,103,44,64,3,71,58,15,43,60,39,30,53,41,57,63,34,20,26,7,33,28,27,20,20,10,13,10,17,14,,14,8,4,1,,4,10,3,10,7,10,3,1,6,4,3,5,2,5,,4,5,4,,1,2,3,1,2,1,3,1,4,3,3,1,,2,1,1,3,1,2,2,2,1,1,1,,1,1,,1,1,1,1,1,,,1,,,,,,1,1,1,1,1,,1,,,,1,,,1,,,,,1,,,,,1,1
266,2020-11-23,5702,1536,720,350,490,447,266,186,194,139,111,40,103,45,70,3,71,61,15,43,63,39,30,55,41,57,64,34,20,26,7,33,28,27,21,20,10,14,10,17,14,,14,8,4,1,,5,10,3,10,7,10,3,1,6,4,3,5,2,5,,4,5,4,,1,2,3,1,2,1,3,1,4,3,3,1,,2,1,1,3,1,2,2,2,1,1,1,,1,1,,1,1,1,1,1,,,1,,,,,,1,1,1,1,1,,1,,,,1,,,1,,,,,1,,,,,1,1
267,2020-11-24,5769,1554,731,354,498,447,267,188,197,139,112,42,103,46,75,3,73,61,16,44,64,40,30,56,41,57,64,34,20,26,7,33,28,28,21,20,10,14,10,17,14,,14,8,4,2,,6,10,3,10,7,10,3,1,6,4,3,6,2,5,,4,5,4,,1,2,3,1,2,1,3,1,4,3,3,1,,2,1,1,3,1,2,2,2,1,1,1,,1,1,,1,1,1,1,1,,,1,,,,,,1,1,1,1,1,,1,,,,1,,,1,,,,,1,,,,,1,1
268,2020-11-25,5807,1564,740,358,501,447,267,188,198,140,112,43,103,46,76,3,74,62,16,44,64,40,31,56,43,57,64,34,20,26,7,33,29,28,21,20,10,14,10,17,14,,14,9,4,2,,6,10,3,10,7,10,3,1,6,4,3,6,2,5,,4,5,4,,1,2,3,1,2,1,3,1,4,3,3,1,,2,1,1,3,1,2,2,2,2,1,1,,1,1,,1,1,1,1,1,,,1,,,,,,1,1,1,1,1,,1,,,,1,,,1,,,,,1,,,,,1,1
269,2020-11-26,5840,1574,742,363,508,448,267,190,199,141,112,43,104,46,76,3,74,63,16,44,64,40,31,57,43,57,64,34,20,26,7,33,29,28,21,20,10,14,10,17,14,,14,9,4,2,,6,10,3,10,7,10,3,1,6,4,3,6,2,5,,4,5,4,,1,2,3,1,2,1,3,1,4,3,3,1,,2,1,1,3,1,2,2,2,2,1,1,,1,1,,1,1,1,1,1,,,1,,,,,,1,1,1,1,1,,1,,1,,1,,,1,,,,,1,,,,,1,1
270,2020-11-27,5882,1585,756,367,509,448,271,190,199,141,112,43,105,46,78,3,75,63,16,44,64,40,35,57,43,57,64,34,20,26,7,33,29,28,21,20,10,14,10,17,14,,14,9,4,2,,6,10,3,10,7,10,3,1,6,4,3,6,2,5,,4,5,4,,1,2,3,1,2,1,3,1,4,3,3,1,,2,1,1,3,1,2,2,2,2,1,1,,1,1,,1,1,1,1,1,,,1,,,,,,1,1,1,1,1,,1,,1,,1,,,1,,,,,1,,,,,1,1
271,2020-11-28,5903,1587,759,369,513,449,271,193,199,141,113,44,105,46,78,3,75,64,16,45,64,40,36,57,43,57,64,34,21,26,7,33,29,28,21,20,10,14,10,17,14,,14,9,4,2,,6,10,3,10,7,10,3,1,6,4,3,6,2,5,,4,5,4,,1,2,3,1,2,1,3,1,4,3,3,1,,2,1,1,3,1,2,2,2,2,1,1,,1,1,,1,1,1,1,1,,,1,,,,,,1,1,1,1,1,,1,,1,,1,,,1,,,,,1,,,,,1,1
272,2020-11-29,5913,1590,760,370,513,449,271,194,199,141,113,44,105,46,78,3,75,64,17,45,64,40,36,57,43,57,64,34,21,26,8,33,29,28,21,20,10,14,10,17,14,,14,9,4,2,,6,10,3,10,7,10,3,1,6,4,3,7,2,5,,4,5,4,,1,2,3,1,2,1,3,1,4,3,3,1,,2,1,1,3,1,2,2,2,2,1,1,,1,1,,1,1,1,1,1,,,1,,,,,1,1,1,1,1,1,,1,,1,,1,,,1,,,,,1,,,,,1,1
273,2020-11-30,5951,1596,768,375,516,451,271,196,199,142,113,44,105,46,78,3,75,64,17,46,66,40,37,57,44,57,64,34,21,27,8,33,30,28,21,20,10,14,10,17,14,,14,9,4,2,3,6,10,3,10,7,10,3,1,6,4,3,7,2,5,,5,5,4,,1,2,3,1,2,1,3,1,4,3,3,1,,2,1,1,3,1,2,2,2,2,1,1,,1,1,,1,1,1,1,1,,,1,,,,,1,1,1,1,1,1,,1,,1,,1,,,1,,,,,1,,,,,1,1
274,2020-12-01,5992,1605,779,378,519,452,271,198,200,144,113,45,105,46,78,3,75,64,17,47,66,41,37,57,44,57,64,34,21,27,8,33,30,28,21,20,10,14,10,17,14,,14,9,5,2,5,6,10,3,10,7,10,3,1,6,4,3,7,2,5,,5,5,4,,1,2,3,1,2,1,3,1,4,3,3,2,,2,2,1,3,1,2,2,2,2,1,1,,1,1,,1,1,1,1,1,,,1,,,,,1,1,1,1,1,1,,1,,1,,1,,,1,,,,,1,,,,1,1,1
275,2020-12-02,6018,1611,785,384,520,452,272,199,202,144,113,45,105,46,79,3,75,64,18,47,66,41,37,57,44,57,64,34,21,27,8,33,30,28,21,20,10,14,10,17,14,,14,9,5,2,5,6,10,4,10,7,10,3,1,6,4,3,7,2,5,,5,5,4,,1,2,3,1,2,1,3,1,4,3,3,2,,2,2,1,3,1,2,2,2,2,1,1,,1,1,,1,1,1,1,1,,,1,,,,,1,1,1,1,1,1,,1,,1,,1,,,1,,,,,1,,,,1,1,1
276,2020-12-03,6050,1621,793,386,522,452,272,199,202,145,115,45,106,46,79,3,76,64,18,49,66,41,38,57,44,57,64,34,21,27,8,33,30,28,21,20,10,14,10,17,14,,14,9,5,2,5,7,10,4,10,8,10,3,1,6,4,3,7,2,5,,5,5,4,,1,2,3,1,2,1,3,1,4,3,3,2,,2,2,1,3,1,2,2,2,2,1,1,,1,1,,1,1,1,1,1,,,1,,,,,1,1,1,1,1,1,,1,,1,,1,,,1,,,,,1,,,,1,1,1
277,2020-12-04,6080,1627,802,389,523,452,272,199,204,149,117,45,106,46,79,3,76,64,19,49,68,41,38,57,44,57,64,34,21,27,8,33,30,28,21,20,10,14,10,17,14,,14,9,5,2,5,7,10,4,10,8,10,3,1,6,4,3,7,2,5,,5,5,4,,1,2,3,1,2,1,3,1,4,3,3,2,,2,2,1,3,1,2,2,2,2,1,1,,1,1,,1,1,1,1,1,,,1,,,,,1,1,1,1,1,1,,1,,1,,1,,,1,,,,,1,,,,1,1,1
278,2020-12-05,6115,1630,810,394,524,452,272,199,204,149,119,45,106,46,79,3,78,66,20,50,68,42,39,57,46,57,65,34,21,27,8,33,30,28,21,20,11,14,10,17,14,,14,9,5,3,6,7,10,4,10,8,10,3,1,6,4,4,7,2,5,,5,5,4,,1,2,3,1,2,2,3,1,4,3,3,2,,2,2,1,3,1,2,2,2,2,1,1,,1,1,,1,1,1,1,1,,,1,,,,,1,1,1,1,1,1,,1,,1,,1,,,1,,,,,1,,,,1,1,1
279,2020-12-06,6133,1630,811,397,525,452,273,199,204,151,122,48,107,46,79,3,78,66,20,50,70,42,39,58,46,57,65,34,21,27,8,33,30,28,21,20,11,14,10,17,14,,14,9,5,3,6,7,10,4,10,8,10,3,1,6,4,4,7,2,5,,5,5,4,,1,2,3,1,2,2,3,1,4,3,3,2,,2,2,1,3,1,2,2,2,2,1,1,,1,1,,1,1,1,1,1,,,1,,,,,1,1,1,1,1,1,,1,,1,,1,,,1,,,,,1,,,,1,1,1
280,2020-12-07,6186,1641,828,403,525,452,273,199,205,153,124,49,108,47,79,3,79,66,20,50,73,43,39,59,47,58,65,34,21,27,8,33,30,28,21,20,12,14,10,17,14,,14,9,5,3,7,7,10,4,10,8,10,3,1,6,4,4,7,2,5,,5,5,4,,1,2,3,1,2,2,3,1,4,3,3,2,,2,2,1,3,1,2,2,2,2,1,1,,1,1,,1,1,1,1,1,,1,1,,,,,1,1,1,1,1,1,,1,,1,,1,,,1,,,,,1,,,,1,1,1
281,2020-12-08,6221,1647,836,409,530,452,273,200,205,154,124,49,110,47,80,3,79,66,21,50,73,43,39,59,47,58,65,34,21,27,8,33,30,28,22,20,12,14,10,17,14,,14,9,5,3,9,7,10,4,10,9,10,3,1,6,4,4,7,2,5,,5,5,4,,1,2,3,1,2,2,3,1,4,3,3,2,,2,2,1,3,1,2,2,2,2,1,1,,1,1,,1,1,1,1,1,,1,1,,,,,1,1,1,1,1,1,,1,,1,,1,,,1,,,,,1,,,,1,1,1
282,2020-12-09,6272,1652,849,415,535,453,274,202,206,156,124,52,110,48,80,3,80,66,22,50,75,44,39,59,47,59,65,34,21,27,8,33,30,28,24,20,12,14,10,17,14,,14,9,5,3,10,7,10,4,10,9,10,3,1,6,4,5,7,3,5,,5,5,4,,1,2,3,1,2,2,3,1,4,3,3,2,,2,2,1,3,1,2,2,2,2,1,1,,1,1,,1,1,1,1,1,,1,1,,,,,1,1,1,1,1,1,,1,,1,,1,,,1,,,,,1,,,,1,1,1
283,2020-12-10,6310,1658,856,421,537,453,274,204,206,161,125,52,110,48,80,4,80,66,22,50,75,45,42,61,47,59,65,34,21,27,8,33,30,28,24,20,12,16,10,17,14,,14,9,5,3,10,7,10,4,10,9,10,3,1,6,4,5,7,3,5,,5,5,4,,1,2,3,1,2,2,3,1,4,3,3,2,,2,2,1,3,1,2,2,2,2,1,1,,1,1,,1,1,1,1,1,,1,1,,,,,1,1,1,1,1,1,,1,,1,,1,,,1,,,,,1,,,,1,1,1
284,2020-12-11,6355,1662,862,432,540,453,274,208,207,164,125,52,110,49,80,4,80,66,22,51,76,45,43,61,52,59,65,34,21,27,9,33,30,28,26,20,12,16,10,17,14,,14,9,5,3,11,7,10,4,10,9,10,3,1,6,4,5,7,3,5,,5,5,4,,1,2,3,1,2,2,3,1,4,3,3,2,,2,2,1,3,1,2,2,2,2,1,1,,1,1,,1,1,1,1,1,,1,1,,,,,1,1,1,1,1,1,,1,,1,,1,,,1,,,,,1,,,,1,1,1
285,2020-12-12,6397,1662,880,441,540,453,275,209,207,165,126,52,110,49,80,4,80,66,22,52,78,45,43,61,53,59,65,36,23,28,9,33,30,28,27,20,12,16,10,18,14,,14,9,5,3,11,7,10,4,10,9,10,3,1,6,4,5,7,3,5,,5,5,4,,1,2,3,1,2,2,3,1,4,3,3,2,,2,2,1,3,1,2,2,2,2,1,1,,1,1,,1,1,1,1,1,,1,1,,,,,1,1,1,1,1,1,,1,,1,,1,,,1,,,,,1,,,,1,1,1
286,2020-12-13,6417,1665,888,441,542,453,275,210,207,165,126,53,110,49,80,4,80,66,22,52,78,46,44,61,54,59,65,36,23,28,11,33,30,28,27,20,12,16,10,18,14,,14,9,5,3,11,7,10,4,10,9,10,3,1,6,4,5,7,3,5,,5,5,4,,1,2,3,1,2,2,3,1,4,3,3,2,,2,2,1,3,1,2,2,2,2,1,1,,1,1,,1,1,1,1,1,,1,1,,,,,1,1,1,1,1,1,,1,,1,,1,,,1,,,,,1,,,,1,1,1
287,2020-12-14,6460,1672,903,443,542,453,277,210,208,168,126,53,111,49,81,4,80,66,23,52,78,46,45,61,54,59,65,37,23,28,11,33,30,28,28,20,12,16,10,18,14,,14,9,5,3,11,7,10,5,10,9,10,4,2,6,4,5,7,4,5,,5,5,4,,1,2,3,1,3,2,3,1,4,3,3,2,,2,2,1,3,1,2,2,2,2,1,1,,1,1,,1,1,1,1,1,,1,1,,,,,1,1,1,1,1,1,,1,,1,,1,,,1,1,,,,1,,1,,1,1,1
288,2020-12-15,6508,1677,912,447,546,453,278,214,211,169,126,56,111,53,81,4,81,66,23,52,78,46,47,61,54,60,65,37,23,29,11,33,30,28,28,20,12,17,10,18,14,,14,9,5,3,11,8,10,6,10,9,10,4,2,6,4,5,7,4,6,,5,5,4,,1,2,3,1,3,3,3,1,4,3,3,2,,2,2,1,3,1,2,2,2,2,1,1,,1,1,,1,1,1,1,1,,1,1,,,,,1,1,1,1,1,1,,1,,1,,1,,,1,1,,,,1,,1,,1,1,1
289,2020-12-16,6555,1681,924,453,548,454,279,218,211,172,128,57,111,53,83,5,81,66,23,52,80,47,49,61,54,60,65,37,23,29,11,33,30,28,28,20,12,17,10,18,14,,14,9,5,3,11,8,10,6,10,9,10,4,2,6,4,6,7,4,6,,5,5,4,,1,2,3,1,3,3,3,1,4,3,3,2,,2,2,1,3,1,2,2,2,2,1,1,,1,1,,1,1,1,1,1,,1,1,,,,,1,1,1,1,1,1,,1,,1,1,1,,,1,1,1,,,1,,1,,1,1,1
290,2020-12-17,6595,1684,938,459,551,454,279,219,212,177,130,57,111,56,83,5,81,66,23,52,80,47,49,61,54,60,65,37,24,29,11,33,30,28,28,20,12,17,10,18,14,,14,9,5,3,11,8,10,6,10,9,10,5,2,6,4,6,7,4,6,,5,5,4,,1,2,3,1,3,3,3,1,4,3,3,2,,2,2,1,3,1,2,2,2,2,1,1,,1,1,,1,1,1,1,1,,1,1,,,,,1,1,1,1,1,1,,1,,1,1,1,,,1,1,1,,,1,,1,,1,1,1
291,2020-12-18,6644,1690,952,463,555,454,280,221,213,178,135,57,111,58,83,5,81,66,23,52,80,49,51,61,54,60,65,39,24,29,11,33,30,28,28,20,12,17,10,18,14,,14,9,6,3,11,8,10,6,10,9,10,5,2,6,4,6,7,4,6,,5,5,4,,1,2,3,1,4,3,3,1,4,3,3,2,,2,2,1,3,1,2,2,2,2,1,1,,1,2,,1,1,1,1,1,,1,1,,,,,1,1,1,1,1,1,,1,,1,1,1,,,1,1,1,,,1,,1,,1,1,1
292,2020-12-19,6704,1696,979,470,556,454,280,221,213,180,140,57,112,62,84,5,81,66,23,52,82,51,51,61,55,60,65,39,24,29,11,33,30,28,28,20,13,17,10,18,14,,14,9,6,3,11,8,10,6,10,9,10,5,2,6,4,6,7,4,6,,5,5,4,,1,2,3,1,4,3,3,1,4,3,3,2,,2,2,1,3,1,2,2,2,2,1,1,,1,2,,1,1,1,1,1,,1,1,,,,,1,1,1,1,1,1,,1,,1,1,1,,,1,1,1,,,1,,1,,1,1,1
293,2020-12-20,6743,1699,986,473,559,454,281,221,215,182,141,59,112,62,84,6,81,66,24,54,83,53,54,61,55,60,65,39,27,29,11,33,30,28,28,20,14,17,10,18,14,,14,9,6,3,11,8,10,6,10,9,10,5,2,6,4,6,7,4,6,,5,5,4,,1,2,3,1,4,3,3,1,4,3,3,2,,2,3,1,3,1,2,2,2,2,1,1,,1,2,,1,1,1,1,1,,1,1,,,,,1,1,1,1,1,1,,1,,1,1,1,,,1,1,1,,,1,,1,,1,1,1
294,2020-12-21,6810,1704,1001,479,561,454,285,223,217,186,145,59,113,62,84,9,85,66,25,55,84,54,57,61,55,60,66,40,27,29,11,33,30,28,28,20,14,17,10,18,14,,14,9,6,3,11,8,10,7,11,9,10,5,2,6,4,6,7,4,6,,5,5,4,2,1,2,3,1,4,3,3,1,4,3,3,2,,2,3,2,3,1,2,2,2,2,1,1,,1,2,,1,1,1,1,1,,1,1,,,,,1,1,1,1,1,1,,1,,1,1,1,,,1,1,1,,,1,1,1,,1,1,1
295,2020-12-22,6863,1707,1019,481,567,454,286,225,219,187,148,61,113,68,84,12,86,66,25,55,84,54,59,61,56,60,66,40,27,29,11,33,30,28,28,20,14,17,10,18,14,,14,9,6,3,11,8,10,7,11,9,10,5,2,6,4,6,7,4,6,,5,5,4,2,1,2,3,1,4,3,3,1,4,3,3,2,,2,3,2,3,1,2,2,2,2,1,1,,1,2,,1,1,1,1,1,,1,1,,,,,1,1,1,1,1,1,,1,,1,1,1,,,1,1,1,,,1,1,1,,1,1,1
296,2020-12-23,6916,1707,1032,487,575,455,288,227,219,188,152,61,113,72,84,12,88,66,25,55,84,55,59,63,57,60,66,40,27,29,11,33,30,28,28,21,15,17,10,18,14,,14,9,7,3,11,8,10,8,11,9,10,5,2,6,4,6,7,4,6,,5,5,4,2,1,2,4,1,4,3,3,1,4,3,3,2,,2,3,2,3,1,2,2,2,2,1,1,,1,2,,1,1,1,1,1,,1,1,,,,,1,1,1,1,1,1,1,1,,1,1,1,,,1,1,1,,,1,1,1,,1,1,1
297,2020-12-24,6938,1707,1042,489,576,455,289,227,219,188,154,61,114,73,84,12,88,66,25,57,84,55,60,63,57,60,66,40,27,29,12,33,30,28,28,21,15,17,10,18,14,,14,9,7,3,11,8,10,8,11,9,10,5,2,6,4,6,7,4,6,,5,5,4,2,1,2,4,1,4,3,3,1,4,3,3,2,,2,3,2,3,1,2,2,2,2,1,1,,1,2,,1,1,1,1,1,,1,1,,,,,1,1,1,1,1,1,1,1,,1,1,1,,,1,1,1,,,1,1,1,,1,1,1
298,2020-12-25,6951,1707,1046,491,578,455,290,228,220,188,155,61,114,73,84,13,88,66,25,57,84,55,60,63,57,60,66,40,27,29,12,33,30,28,28,21,15,17,10,18,14,,14,9,7,3,11,8,10,8,11,9,10,5,2,6,4,6,7,4,6,,5,5,4,2,1,2,4,1,4,3,3,1,4,3,3,2,,2,3,2,3,1,2,2,2,2,1,1,,1,2,,1,1,1,1,1,,1,1,,,,,1,1,1,1,1,1,1,1,,1,1,1,,,1,1,1,,,1,1,1,,1,1,1
299,2020-12-26,6971,1707,1049,493,578,456,290,230,220,189,158,61,114,75,84,13,88,66,26,57,84,57,60,63,57,60,66,40,27,30,12,33,30,28,28,22,15,17,10,18,14,,14,9,7,3,11,8,10,8,11,9,10,5,2,7,4,6,7,4,6,,5,5,4,2,1,2,4,1,4,3,3,1,4,3,3,2,,2,3,2,3,1,2,2,2,2,1,1,,1,2,,1,1,1,1,1,,1,1,,,,,1,1,1,1,1,1,1,1,,1,1,1,,,1,1,1,,,1,1,1,,1,1,1
300,2020-12-27,6986,1707,1051,496,578,456,290,231,220,192,158,63,114,76,84,14,88,66,27,57,84,57,60,63,57,60,66,40,28,30,12,33,30,28,28,22,15,17,10,18,14,,14,9,7,3,11,8,10,8,11,9,10,5,2,7,4,6,7,4,6,,5,5,4,2,1,2,4,1,4,3,3,1,4,3,3,2,,2,3,2,3,1,2,2,2,2,1,1,,1,2,,1,1,1,1,1,,1,1,,,,,1,1,1,1,1,1,1,1,,1,1,1,,,1,1,1,,,1,1,1,,1,1,1
301,2020-12-28,7040,1710,1065,509,579,456,290,232,220,195,158,66,114,80,84,14,88,66,27,58,84,58,63,63,58,60,66,40,28,32,12,33,30,28,28,22,15,19,10,18,14,,14,9,8,3,11,8,10,8,11,9,10,5,2,7,4,6,7,5,6,,5,5,4,2,1,2,4,1,4,3,3,1,4,3,3,2,,2,3,2,3,1,2,2,2,2,1,1,,1,2,,1,1,1,1,1,,1,1,,,,,1,1,1,1,1,1,1,1,,1,1,1,,,1,1,1,,,1,1,1,,1,1,1
302,2020-12-29,7083,1711,1076,518,579,457,290,233,222,198,160,67,114,82,84,15,88,66,28,59,85,58,63,63,59,60,66,40,29,32,12,33,30,28,28,22,15,20,10,18,14,,14,11,8,3,11,8,10,8,11,9,10,5,2,7,4,6,7,5,6,,5,5,4,2,1,2,4,1,4,3,3,1,4,3,3,2,,2,3,2,3,1,2,2,2,2,1,2,,1,2,,1,1,1,1,1,,1,1,,,,,1,1,1,1,1,1,1,1,,1,1,1,,,1,1,1,,,1,1,1,,1,1,1
303,2020-12-30,7124,1715,1085,527,582,457,290,235,223,199,162,70,114,85,85,15,88,67,28,60,85,58,63,63,59,60,66,40,29,32,12,33,30,28,28,22,15,20,10,18,14,,14,11,8,3,11,8,10,9,11,9,10,5,2,7,4,6,7,5,6,,5,5,4,2,1,2,4,1,4,3,3,1,4,3,3,2,,2,3,2,3,1,2,2,2,2,1,2,,1,2,,1,1,1,1,1,,1,1,,,,,1,1,1,1,1,1,1,1,,1,1,1,,,1,1,1,,,1,1,1,,1,1,1
304,2020-12-31,7157,1717,1094,540,582,457,290,235,225,199,162,71,114,86,85,15,88,67,28,60,85,58,64,63,59,60,66,40,31,32,13,33,30,28,28,22,16,20,10,18,14,,14,11,8,3,11,8,10,9,11,9,10,5,2,7,4,6,7,5,6,,5,5,4,2,1,2,4,1,4,3,3,1,4,3,3,2,,2,3,2,3,1,2,2,2,2,1,2,,1,2,,1,1,1,1,1,,1,1,,,,,1,1,1,1,1,1,1,1,,1,1,1,,,1,1,1,,,1,1,1,,1,1,1
305,2021-01-01,7168,1717,1099,543,582,457,290,235,225,199,163,71,114,87,85,16,88,67,28,60,85,58,64,63,59,60,66,40,31,32,13,33,30,28,28,22,16,20,10,18,14,,14,11,8,3,11,8,10,9,11,9,10,5,2,7,4,6,7,5,6,,5,5,4,2,1,2,4,1,4,3,3,1,4,3,3,2,,2,3,2,3,1,2,2,2,2,1,2,,1,2,,1,1,1,1,1,,1,1,,,,,1,1,1,1,1,1,1,1,,1,1,1,,,1,1,1,,,1,1,1,,1,1,1
306,2021-01-02,7184,1720,1100,549,582,457,290,235,226,199,163,71,114,87,85,17,88,69,28,60,85,58,64,63,59,60,66,40,31,32,14,33,30,28,28,22,16,20,10,18,14,,14,11,9,3,11,8,10,9,11,9,10,5,2,7,4,6,7,5,6,,5,5,4,2,1,2,4,1,4,3,3,1,4,3,3,2,,2,3,2,3,1,2,2,2,2,1,2,,1,2,,1,1,1,1,1,,1,1,,,,,1,1,1,1,1,1,1,1,,1,1,1,,,1,1,1,,,1,1,1,,1,1,1
307,2021-01-03,7249,1727,1102,560,582,457,290,237,231,200,163,88,114,89,85,17,88,69,42,60,85,58,64,63,59,60,66,41,32,32,14,33,30,28,28,22,16,20,12,18,14,,14,11,9,3,11,8,10,9,11,9,10,5,2,7,4,6,7,5,6,,5,5,4,2,1,2,4,1,4,3,3,1,4,3,3,2,,2,3,2,3,1,2,2,2,2,1,2,,1,2,,1,1,1,1,1,,1,1,,,,,1,1,1,1,1,1,1,1,,1,1,1,,,1,1,1,,,1,1,1,,1,1,1
308,2021-01-04,7332,1736,1113,592,583,459,290,238,231,203,163,91,114,95,87,17,88,70,48,60,86,58,64,63,59,61,66,42,32,32,14,33,30,28,29,23,16,20,12,18,14,,14,11,9,3,11,8,10,10,11,9,10,5,2,7,4,6,7,5,6,,5,5,4,2,1,2,4,1,4,3,3,1,4,3,3,2,,2,3,2,3,1,2,2,2,2,1,2,,1,2,,1,1,1,1,1,,1,1,,,,,1,1,1,1,1,1,1,1,,1,1,1,,,1,1,1,,,1,1,1,,1,1,1
309,2021-01-05,7403,1752,1124,606,585,459,292,239,231,205,164,93,114,98,90,18,88,72,49,60,86,59,64,66,59,61,66,42,32,32,14,34,30,28,30,23,17,20,13,18,14,,14,11,9,3,11,8,10,10,11,9,10,5,2,7,4,6,7,5,6,,5,5,4,2,1,2,4,1,4,3,3,1,4,3,3,2,,3,3,2,3,1,2,2,2,2,1,2,,2,2,,1,1,1,1,1,,1,1,,,,,1,1,1,1,1,1,1,1,,1,1,1,,,1,1,1,,,1,1,1,,1,1,1
310,2021-01-06,7471,1758,1135,630,589,459,293,242,233,205,164,96,114,101,90,18,88,75,51,60,86,60,64,67,59,61,66,42,32,32,14,34,30,28,30,24,17,20,13,19,14,,14,11,9,3,11,8,10,10,11,9,10,5,2,7,4,6,7,5,6,,5,5,4,2,1,2,4,1,4,4,3,2,4,3,3,2,,3,3,2,3,1,2,2,2,2,1,2,,2,2,,1,1,1,1,1,,1,1,,,,,1,1,1,1,1,1,1,1,,1,1,1,,,1,1,1,,,1,1,1,,1,1,1
311,2021-01-07,7543,1765,1147,645,593,459,293,246,235,211,165,101,115,108,90,18,88,75,52,60,86,61,65,67,59,62,66,43,32,32,15,35,30,29,30,24,17,20,13,19,14,,14,11,9,3,11,8,10,10,11,9,10,5,2,7,4,6,7,5,6,,5,5,4,2,1,2,4,1,4,4,3,2,4,3,3,2,,3,3,2,3,1,2,2,2,2,1,2,,2,2,,1,1,1,1,1,,1,1,,,,,1,1,1,1,1,1,1,1,,1,1,1,,,1,1,1,,,1,1,1,,1,1,1
312,2021-01-08,7583,1774,1152,652,595,459,293,246,236,213,165,101,115,108,91,18,88,78,54,60,86,62,65,67,60,62,66,44,32,32,17,35,30,29,30,24,17,20,14,19,14,,14,11,9,3,11,9,10,10,11,9,10,5,2,7,4,6,7,5,6,,5,5,4,2,1,3,4,1,4,4,3,2,4,3,3,2,,3,3,2,3,1,2,2,2,2,1,2,,2,2,,1,1,1,1,1,,1,1,,,,,1,1,1,1,1,1,1,1,,1,1,1,,,1,1,1,,,1,1,1,,1,1,1
313,2021-01-09,7630,1782,1160,663,596,459,294,246,236,216,166,102,116,108,91,20,92,79,54,60,86,62,65,69,60,62,66,44,32,33,17,35,30,29,30,24,17,20,14,19,14,1,14,11,9,3,11,9,10,10,11,9,10,5,2,7,4,6,7,5,6,,5,5,4,2,1,3,4,1,4,4,3,2,4,3,3,2,,3,3,2,3,1,2,2,2,2,1,2,,2,2,,1,1,1,1,1,,1,1,,,,,1,1,1,1,1,1,1,1,,1,1,1,,,1,1,1,,1,1,1,1,,1,1,1
314,2021-01-10,7659,1789,1163,667,596,459,295,246,236,219,166,106,116,109,91,20,92,80,54,60,86,62,65,70,60,62,67,44,32,33,17,35,31,29,30,24,17,20,14,19,14,1,14,11,9,3,11,9,10,10,11,10,10,5,2,8,4,6,7,5,6,,5,5,4,2,1,3,4,1,4,4,3,2,4,3,3,2,,3,3,2,3,1,2,2,2,2,1,2,,2,2,,1,1,1,1,1,,1,1,,,,,1,1,1,1,1,1,1,1,,1,1,1,,,1,1,1,,1,1,1,1,,1,1,1
315,2021-01-11,7730,1810,1167,679,596,459,297,246,238,222,166,112,116,109,91,25,97,80,55,60,86,62,65,70,60,62,67,45,32,35,17,35,31,31,30,25,17,20,14,20,14,2,14,11,9,3,11,9,10,10,11,10,10,5,4,8,4,6,7,5,6,,5,5,4,2,1,3,4,1,4,4,3,2,4,3,3,2,,3,3,2,3,1,2,2,2,2,1,2,,2,2,,1,1,1,1,1,,1,1,,,,,1,1,1,1,1,1,1,1,,1,1,1,,,1,1,1,,1,1,1,1,,1,1,1
316,2021-01-12,7801,1839,1176,688,597,459,298,247,241,223,166,115,116,109,91,25,97,86,56,60,86,62,65,72,61,63,67,45,32,35,17,35,32,31,30,25,17,20,15,20,14,2,14,11,10,3,11,9,10,10,11,10,10,5,4,8,4,6,7,5,6,,5,5,4,2,1,3,4,1,4,4,3,2,4,3,3,2,,3,3,2,3,1,2,2,2,2,1,2,,2,2,,1,1,1,1,1,,1,1,,,,,1,1,1,1,1,1,1,1,,1,1,1,,,1,1,1,,1,1,1,1,,1,1,1
317,2021-01-13,7879,1862,1190,697,601,460,299,247,244,226,168,115,116,111,91,25,97,87,59,60,86,62,66,73,61,63,67,47,32,36,17,35,32,31,31,25,17,20,16,20,14,6,14,11,10,3,11,9,10,10,11,10,10,5,4,8,4,6,7,5,6,,5,5,4,2,1,3,4,1,4,4,3,2,4,3,3,2,,3,3,2,3,1,2,2,2,2,1,2,,2,2,,1,1,1,1,1,,1,1,,,,1,1,1,1,1,1,1,1,1,,1,1,1,,,1,1,1,,1,1,1,1,,1,1,1
318,2021-01-14,7926,1881,1202,700,601,460,299,249,244,231,171,115,116,111,92,25,97,87,59,60,86,63,66,73,61,63,67,47,32,36,17,35,32,31,31,25,17,20,17,20,14,6,14,11,10,3,11,9,10,10,11,10,10,5,4,8,4,6,7,5,6,,5,5,4,2,1,3,4,1,4,4,3,2,4,3,3,2,,3,3,2,3,1,2,2,2,2,1,2,,2,2,,1,1,1,1,1,,1,1,,,,1,1,1,1,1,1,1,1,1,,1,1,1,,,1,1,1,,1,1,1,1,,1,1,1
319,2021-01-15,7970,1893,1209,702,603,460,299,250,246,235,174,115,117,113,92,25,97,89,60,60,86,63,66,74,61,63,67,48,32,36,17,35,33,31,31,25,18,20,18,20,14,6,14,11,10,3,11,9,10,10,11,10,10,5,4,8,4,6,7,5,6,,5,5,4,2,1,3,4,1,4,4,3,2,4,3,3,2,,3,3,2,3,1,2,2,2,2,1,2,,2,2,,1,1,1,1,1,,1,1,,,,1,1,1,1,1,1,1,1,1,,1,1,1,,,1,1,1,,1,1,1,1,,1,1,1
320,2021-01-16,8008,1899,1220,708,603,460,300,250,247,235,176,115,118,115,92,25,97,91,60,60,86,63,66,74,62,63,67,50,32,36,17,35,33,31,31,25,18,21,18,20,14,6,14,11,10,3,11,9,10,10,11,10,10,5,4,8,4,6,7,5,6,,5,5,4,2,1,3,4,1,4,4,3,2,4,3,3,2,2,3,3,2,3,1,2,2,2,2,1,2,,2,2,,1,1,1,1,1,,1,1,,,,1,1,1,1,1,1,1,1,1,,1,1,1,,,1,1,1,,1,1,1,1,,1,1,1
321,2021-01-17,8044,1904,1222,709,610,460,300,250,247,237,177,128,118,116,92,25,97,91,61,60,86,63,66,75,62,63,67,50,32,36,17,35,33,31,31,25,19,21,18,20,14,6,14,11,10,3,11,9,10,10,11,10,10,5,4,8,4,6,7,5,6,,5,5,4,2,1,3,4,1,4,4,3,2,4,3,3,2,2,3,3,2,3,1,2,2,2,2,1,2,,2,2,,1,1,1,1,1,,1,1,,,,1,1,1,1,1,1,1,1,1,1,1,1,1,,,1,1,1,,1,1,1,1,,1,1,1
322,2021-01-18,8096,1920,1235,712,611,460,300,250,248,240,178,130,119,118,94,25,98,91,63,60,86,63,66,75,62,64,67,50,32,36,17,35,33,31,31,25,20,21,20,20,14,6,14,11,10,3,11,9,10,10,11,10,10,5,4,8,4,6,7,5,6,,5,5,4,2,1,3,4,1,4,4,3,2,4,3,3,2,2,3,3,2,3,1,2,2,2,2,1,2,,2,2,,1,1,1,1,1,,1,1,,,,1,1,1,1,1,1,1,1,1,1,1,1,1,,,1,1,1,,1,1,1,1,,1,1,1
323,2021-01-19,8154,1935,1246,716,612,460,300,252,250,243,179,131,119,122,96,25,98,94,63,60,86,63,66,75,62,67,67,51,32,36,18,35,34,32,31,25,20,21,20,20,14,6,14,11,10,3,11,9,10,10,11,10,10,5,5,8,4,6,7,5,6,1,5,5,4,2,1,3,4,1,4,4,3,2,4,3,3,2,2,3,3,2,3,1,2,2,2,2,1,2,,2,2,,1,1,1,1,1,,1,1,,,,1,1,1,1,1,1,1,1,1,1,1,1,1,,,1,1,1,,1,1,1,1,,1,1,1
324,2021-01-20,8212,1958,1249,721,612,460,301,252,254,246,179,134,119,124,97,27,98,96,64,60,88,63,68,75,62,67,67,52,32,36,18,35,35,32,31,25,20,21,20,20,14,6,14,11,11,3,11,9,10,10,11,10,10,5,5,8,4,6,7,5,6,1,5,5,4,2,1,3,4,1,4,4,3,2,4,3,3,2,2,3,3,2,3,1,2,2,2,2,1,2,,2,2,,1,1,1,1,1,,1,1,,,,1,1,1,1,1,1,1,1,1,1,1,1,1,,,1,1,1,1,1,1,1,1,,1,1,1
325,2021-01-21,8254,1965,1263,728,612,460,301,252,256,249,180,135,119,124,98,27,98,96,66,61,88,63,68,75,62,68,67,53,32,36,18,35,35,32,31,25,20,21,20,20,14,6,14,11,11,3,11,9,10,10,11,10,10,5,5,8,4,6,7,5,6,1,5,5,5,2,1,3,4,1,4,4,3,2,4,3,3,2,2,3,3,2,3,1,2,2,2,2,1,2,,2,2,,1,1,1,1,1,,1,1,,,,1,1,1,1,1,1,1,1,1,1,1,1,1,,,1,1,1,1,1,1,1,1,,1,1,1
326,2021-01-22,8296,1974,1284,729,612,460,301,252,258,252,180,135,119,124,98,27,98,97,66,61,88,63,68,75,63,68,67,55,33,36,18,35,35,33,31,25,20,21,20,20,14,6,14,11,11,3,11,9,10,10,11,10,10,5,5,8,4,6,7,5,6,1,5,5,5,2,1,3,4,1,4,4,3,2,4,3,3,2,2,3,3,2,3,1,2,2,2,2,1,2,,2,2,,1,1,1,1,1,,1,1,,,,1,1,1,1,1,1,1,1,1,1,1,1,1,,,1,1,1,1,1,1,1,1,,1,1,1
327,2021-01-23,8325,1977,1294,732,614,460,303,252,258,253,180,135,119,125,98,29,99,97,68,61,88,63,68,75,63,68,67,56,33,36,18,35,35,33,32,25,20,21,20,20,14,6,14,11,11,3,11,9,10,10,11,10,10,5,5,8,4,6,7,5,6,1,5,5,5,2,1,3,4,1,4,4,3,2,4,3,3,2,2,3,3,2,3,1,2,2,2,2,1,2,,2,2,,1,1,1,1,1,,1,1,,,,1,1,1,1,1,1,1,1,1,1,1,1,1,,,1,1,1,1,1,1,1,1,,1,1,1
328,2021-01-24,8353,1983,1304,733,614,460,303,253,258,254,180,140,119,125,98,29,99,97,68,62,88,63,68,76,63,68,67,56,33,36,18,35,35,33,32,25,21,21,20,20,14,6,14,11,11,3,11,9,10,10,11,10,10,5,5,8,4,6,7,5,6,1,5,5,5,2,1,3,4,1,4,4,3,3,4,3,3,2,2,3,3,2,3,1,2,2,2,2,1,2,,2,2,,1,1,1,1,1,,1,1,,,,1,1,1,1,1,1,1,1,1,1,1,1,1,,,1,1,1,1,1,1,1,1,,1,1,1
329,2021-01-25,8396,1996,1323,734,614,460,303,254,259,254,181,141,119,125,99,30,99,97,69,63,88,63,69,76,63,68,67,56,33,36,18,35,35,33,32,25,21,21,20,20,14,6,14,11,11,3,11,9,10,10,11,10,10,5,5,8,4,6,7,5,6,1,5,5,5,2,1,3,4,1,4,4,3,4,4,3,3,2,2,3,3,2,3,1,2,2,2,2,1,2,,2,2,,1,1,1,1,1,,1,1,,,,1,1,1,1,1,1,1,1,1,1,1,1,1,,,1,1,1,1,1,1,1,1,,1,1,1
330,2021-01-26,8451,2007,1346,737,615,460,304,256,260,254,181,143,122,126,99,30,99,98,70,63,88,63,69,77,63,68,67,56,33,36,20,35,35,33,32,25,21,21,21,20,14,6,14,11,12,3,11,9,10,10,11,10,10,5,5,8,4,6,7,5,6,1,5,5,5,2,1,3,4,1,4,4,3,4,4,3,3,2,2,3,3,2,3,1,2,2,2,2,1,2,,2,2,,1,1,1,1,1,,1,1,,,,1,1,1,1,1,1,1,1,1,1,1,1,1,,,1,1,1,1,1,1,1,1,,1,1,1
331,2021-01-27,8498,2019,1357,738,617,460,305,257,261,254,182,144,122,126,99,32,100,98,72,63,88,65,69,78,68,68,67,57,34,36,20,35,35,33,32,25,21,21,21,20,14,6,14,11,12,3,11,9,10,10,11,10,10,5,5,8,4,7,7,5,6,1,5,5,5,2,1,3,4,1,4,4,3,4,4,3,3,2,2,3,3,2,3,1,2,2,2,2,1,2,,2,2,,1,1,1,1,1,,1,1,,,,1,1,1,1,1,1,1,1,1,1,1,1,1,,,1,1,1,1,1,1,1,1,,1,1,1
332,2021-01-28,8546,2029,1378,741,617,460,305,257,261,255,182,144,122,126,101,34,100,98,72,64,88,65,69,79,68,68,68,57,35,36,21,35,35,33,32,27,21,21,21,20,14,6,14,11,12,4,11,9,10,10,11,10,10,5,6,8,4,7,7,5,6,1,5,5,5,2,1,3,4,1,4,4,3,4,4,3,3,2,2,3,3,2,3,1,2,2,2,2,1,2,,2,2,,1,1,1,1,1,,1,1,,,,1,1,1,1,1,1,1,1,1,1,1,1,1,,,1,1,1,1,1,1,1,1,,1,1,1
333,2021-01-29,8586,2034,1392,742,623,461,307,258,261,256,182,145,123,126,101,34,100,99,72,64,88,66,70,79,70,68,68,58,35,36,22,35,35,33,32,27,21,21,21,20,14,6,14,11,12,4,11,9,10,10,11,10,10,5,6,8,4,7,7,5,6,1,5,5,5,2,1,3,4,1,4,4,3,4,4,3,3,2,2,3,3,2,3,1,2,2,2,2,1,2,,2,2,,1,1,1,1,1,,1,1,,,,1,1,1,1,1,1,1,1,1,1,1,1,1,,,1,1,1,1,1,1,1,1,,1,1,1
334,2021-01-30,8616,2037,1404,743,624,461,308,259,262,256,183,145,124,126,101,34,101,99,73,65,89,67,70,79,70,68,68,58,35,36,23,35,35,33,32,27,22,21,21,20,14,6,14,11,12,4,11,9,10,10,11,10,10,5,6,8,5,7,7,5,6,1,5,5,5,2,1,3,4,1,4,4,3,4,4,3,3,2,2,3,3,2,3,1,2,2,2,2,1,2,,2,2,,1,1,1,1,1,,1,1,,,,1,1,1,1,1,1,1,1,1,1,1,1,1,,,1,1,1,1,1,1,1,1,,1,1,1
335,2021-01-31,8645,2042,1416,745,624,461,309,259,262,256,183,146,124,126,101,34,101,101,73,67,89,67,70,79,70,68,68,59,35,36,23,35,35,33,32,27,23,21,21,20,14,6,14,11,12,4,11,10,10,10,11,10,10,5,6,8,5,7,7,5,6,1,5,5,5,3,1,3,4,1,4,4,3,4,4,3,3,2,2,3,3,2,3,1,2,2,2,2,1,2,,2,2,,1,1,1,1,1,,1,1,,,,1,1,1,1,1,1,1,1,1,1,1,1,1,,,1,1,1,1,1,1,1,1,,1,1,1
336,2021-02-01,8725,2058,1440,750,627,461,310,260,266,259,183,150,124,127,101,40,101,104,74,68,89,67,70,79,71,68,68,59,35,36,25,35,35,33,32,27,24,21,21,20,14,6,14,11,12,4,11,10,10,10,11,10,10,5,6,8,5,7,7,5,6,4,5,5,5,3,1,3,4,1,4,4,3,4,4,3,3,2,2,3,3,2,3,1,2,2,2,2,1,2,,2,2,,1,1,1,1,1,,1,1,,,,1,1,1,1,1,1,1,1,1,1,1,1,1,,,1,1,1,1,1,1,1,1,,1,1,1
337,2021-02-02,8782,2071,1462,755,634,461,310,261,266,260,183,150,124,127,101,41,103,104,74,70,89,68,70,79,71,68,68,59,36,36,25,35,35,33,32,27,24,21,21,20,14,6,14,11,12,4,11,10,10,10,11,10,10,5,6,8,5,7,7,5,6,4,5,5,5,4,1,3,4,1,4,4,3,4,4,3,3,2,2,3,3,2,3,1,2,2,2,2,1,2,,2,2,,1,1,1,1,1,,1,1,,,,1,1,1,1,1,1,1,1,1,1,1,1,1,,,1,1,1,1,1,1,1,1,,1,1,1
338,2021-02-03,8853,2082,1479,764,641,461,312,261,268,262,183,152,124,128,101,45,104,108,75,70,89,69,70,79,72,68,68,60,36,36,26,35,35,33,32,27,24,21,21,20,14,6,14,11,12,6,11,10,10,10,11,10,10,5,6,8,5,7,7,5,6,4,5,5,5,4,2,3,4,1,4,4,3,4,4,3,3,2,2,3,3,3,3,1,2,2,2,2,1,2,,2,2,,1,1,1,1,1,,1,1,,,,1,1,1,1,1,1,1,1,1,1,1,1,1,,,1,1,1,1,1,1,1,1,,1,1,1
339,2021-02-04,8902,2093,1495,767,643,461,312,265,268,262,183,152,124,128,101,50,104,108,77,71,90,71,70,79,72,68,68,60,36,36,26,35,35,33,32,27,24,21,21,20,14,6,14,11,12,6,11,10,11,10,11,10,10,5,6,8,5,7,7,5,6,4,5,5,5,4,2,3,4,1,4,4,3,4,4,3,3,2,2,3,3,3,3,1,2,2,2,2,1,2,,2,2,,1,1,1,1,1,,1,1,1,,,1,1,1,1,1,1,1,1,1,1,1,1,1,,,1,1,1,1,1,1,1,1,,1,1,1
340,2021-02-05,8952,2104,1509,773,644,461,312,268,268,262,185,152,125,129,101,53,104,109,77,73,91,71,70,80,72,68,68,61,36,36,26,35,35,33,32,27,24,21,21,20,14,6,14,11,12,6,11,10,11,10,11,10,10,5,6,8,5,7,7,5,6,4,5,5,5,4,2,3,4,1,4,4,3,4,4,3,3,2,2,3,3,3,3,1,2,2,2,2,1,2,,2,2,2,1,1,1,1,1,,1,1,1,,,1,1,1,1,1,1,1,1,1,1,1,1,1,,,1,1,1,1,1,1,1,1,,1,1,1
341,2021-02-06,8982,2108,1524,773,645,461,312,268,268,264,185,152,125,129,101,54,104,109,78,73,92,71,72,81,72,68,68,61,37,36,26,35,35,33,32,27,24,21,21,20,14,6,14,11,12,6,11,10,11,10,11,10,10,5,6,8,5,7,7,6,6,4,5,5,5,4,2,3,4,1,4,4,3,4,4,3,3,2,2,3,3,3,3,1,2,2,2,2,1,2,,2,2,2,1,1,1,1,1,,1,1,1,,,1,1,1,1,1,1,1,1,1,1,1,1,1,,,1,1,1,1,1,1,1,1,,1,1,1
342,2021-02-07,9000,2110,1533,773,648,461,312,269,268,264,185,152,125,129,101,55,104,109,78,73,92,71,72,81,72,68,68,61,38,36,26,35,35,33,32,27,24,22,21,20,14,6,14,11,12,6,11,10,11,10,11,10,10,5,6,8,5,7,7,6,6,4,5,5,5,4,2,3,4,1,4,4,3,4,4,3,3,2,2,3,3,3,3,1,2,2,2,2,1,2,,2,2,2,1,1,1,1,1,,1,1,1,,,1,1,1,1,1,1,1,1,1,1,1,1,1,,,1,1,1,1,1,1,1,1,,1,1,1
343,2021-02-08,9057,2121,1551,773,651,461,312,269,271,264,186,158,126,129,101,61,104,109,78,74,93,71,73,81,72,68,68,61,38,36,26,35,35,33,32,27,26,22,21,20,14,6,14,12,12,6,11,10,11,10,11,10,10,6,7,8,5,7,7,6,6,4,5,5,5,4,2,3,4,1,4,4,3,4,4,3,3,2,2,3,3,3,3,1,2,2,2,2,1,2,,2,2,2,1,1,1,1,1,,1,1,1,,,1,1,1,1,1,1,1,1,1,1,1,1,1,,,1,1,1,1,1,1,1,1,,1,1,1
344,2021-02-09,9102,2125,1562,776,654,461,314,270,274,265,187,158,126,130,102,62,105,110,78,74,93,71,74,81,72,68,68,61,39,36,26,35,35,33,32,27,26,22,21,20,16,6,14,13,12,12,11,10,11,10,11,10,10,6,7,8,5,7,7,6,6,4,5,5,5,4,2,3,4,1,4,4,3,4,4,3,3,2,2,3,3,3,3,1,2,2,2,2,1,2,,2,2,2,1,1,1,1,1,,1,1,1,,,1,1,1,1,1,1,1,1,1,1,1,1,1,,,1,1,1,1,1,1,1,1,,1,1,1
345,2021-02-10,9145,2132,1579,777,657,462,314,273,274,265,187,160,128,131,103,63,105,110,78,74,93,71,75,81,72,68,68,61,39,36,26,36,35,33,32,27,26,22,21,20,16,6,14,13,12,12,11,10,11,10,11,10,10,6,7,8,5,7,7,6,6,5,5,5,5,4,2,3,4,1,4,4,3,4,4,3,3,2,2,3,3,3,3,2,2,2,2,2,1,2,,2,2,2,1,1,1,1,1,,1,1,1,,,1,1,1,1,1,1,1,1,1,1,1,1,1,,,1,1,1,1,1,1,1,1,,1,1,1
346,2021-02-11,9189,2139,1590,780,659,462,316,275,275,267,187,163,128,131,103,65,107,110,78,74,93,71,76,81,72,68,68,61,40,36,27,36,35,33,32,27,26,22,21,20,16,6,14,13,12,12,11,10,11,10,11,10,10,6,7,8,5,7,7,6,6,6,5,5,5,4,3,3,4,1,4,4,3,4,4,3,3,2,2,3,3,3,3,3,2,2,2,2,1,2,,2,2,2,1,1,1,1,1,1,1,1,1,,,1,1,1,1,1,1,1,1,1,1,1,1,1,,,1,1,1,1,1,1,1,1,,1,1,1
347,2021-02-12,9240,2150,1606,783,661,462,316,276,275,267,188,164,130,131,105,68,107,110,79,75,94,71,78,81,72,68,68,61,40,36,28,36,35,33,32,27,26,22,21,20,16,7,14,13,12,12,11,10,11,10,11,10,10,6,7,8,7,7,7,6,6,6,5,5,5,4,3,3,4,1,4,4,3,4,4,3,3,2,2,3,3,3,3,3,2,2,2,2,1,2,,2,2,2,1,1,1,1,1,1,1,1,1,,,1,1,1,1,1,1,1,1,1,1,1,1,1,,,1,1,1,1,1,1,1,1,,1,1,1
348,2021-02-13,9276,2153,1624,785,662,462,317,277,275,267,188,164,130,131,107,69,108,110,80,75,94,72,79,81,72,68,68,61,40,36,28,36,35,33,32,27,26,23,21,20,16,7,14,13,12,12,11,11,11,10,11,10,10,7,7,8,7,7,7,6,6,6,5,5,5,4,3,3,4,1,4,4,3,4,4,3,3,2,2,3,3,3,3,3,2,2,2,2,1,2,,2,2,2,1,1,1,1,1,1,1,1,1,,,1,1,1,1,1,1,1,1,1,1,1,1,1,,,1,1,1,1,1,1,1,1,,1,1,1
349,2021-02-14,9302,2157,1636,785,662,462,317,279,278,267,188,167,130,131,107,69,108,110,80,76,94,72,79,81,72,68,68,61,40,36,28,36,35,33,32,27,27,23,21,20,16,7,14,13,12,12,11,11,11,10,11,10,10,7,7,8,7,7,7,6,6,6,5,5,5,4,3,3,4,1,4,4,3,4,4,3,3,2,2,3,3,3,3,3,2,2,2,2,1,2,,2,2,2,1,1,1,1,1,1,1,1,1,,,1,1,1,1,1,1,1,1,1,1,1,1,1,,,1,1,1,1,1,1,1,1,,1,1,1
350,2021-02-15,9349,2164,1655,788,664,464,318,279,278,268,191,168,130,131,109,72,108,110,80,76,94,73,79,81,72,68,68,61,40,36,28,36,35,33,32,27,27,23,21,20,17,7,14,13,12,12,11,11,11,10,11,10,10,7,7,9,7,7,7,6,6,6,5,5,5,4,3,3,4,1,4,4,3,4,4,3,3,2,2,3,3,3,3,3,2,2,2,2,1,2,,2,2,2,1,1,1,1,1,1,1,1,1,,,1,1,1,1,1,1,1,1,1,1,1,1,1,,,1,1,1,1,1,1,1,1,,1,1,1
351,2021-02-16,9400,2168,1673,789,667,464,319,280,279,270,192,169,132,131,110,76,109,111,80,77,94,74,79,82,72,68,68,62,40,36,30,36,35,33,32,28,27,23,22,20,17,8,14,13,12,12,11,11,11,10,11,10,10,7,7,9,7,7,7,6,6,6,5,5,5,4,3,3,4,1,4,4,3,4,4,3,3,2,2,3,3,3,3,3,2,2,2,2,1,2,,2,2,2,1,1,1,1,1,1,1,1,1,,,1,1,1,1,1,1,1,1,1,1,1,1,1,,,1,1,1,1,1,1,1,1,,1,1,1
352,2021-02-17,9438,2174,1686,793,668,464,320,282,279,270,193,169,133,131,111,77,109,111,80,77,94,74,82,82,72,69,68,62,41,36,31,36,35,33,32,28,27,23,22,20,17,8,14,13,12,12,11,11,11,10,11,10,10,7,7,9,7,7,7,6,6,6,5,5,5,4,3,3,4,2,4,4,3,4,4,3,3,2,2,3,3,3,3,3,2,2,2,2,1,2,,2,2,2,1,1,1,1,1,1,1,1,1,,,1,1,1,1,1,1,1,1,1,1,1,1,1,,,1,1,1,1,1,1,1,1,,1,1,1
353,2021-02-18,9481,2177,1703,799,670,464,320,284,279,270,194,170,133,132,112,78,109,111,82,77,95,74,82,82,72,69,68,62,41,38,31,36,35,33,32,28,27,23,22,20,17,9,14,13,12,12,11,11,11,10,11,10,10,7,7,9,7,7,7,6,6,6,5,5,5,4,3,3,4,3,4,4,4,4,4,3,3,2,2,3,3,3,3,3,2,2,2,2,1,2,,2,2,2,1,1,1,1,1,1,1,1,1,,,1,1,1,1,1,1,1,1,1,1,1,1,1,,,1,1,1,1,1,1,1,1,,1,1,1
354,2021-02-19,9514,2181,1709,800,674,464,324,285,279,271,195,172,134,132,113,78,110,111,84,77,95,74,82,82,72,69,68,62,42,39,31,36,35,33,32,28,27,23,23,20,17,9,14,13,12,12,11,11,11,10,11,11,10,7,7,9,7,7,7,6,6,6,5,5,5,4,3,3,4,3,4,4,4,4,4,3,3,2,2,3,3,3,3,3,2,2,2,2,1,2,,2,2,2,1,1,1,1,1,1,1,1,1,,,1,1,1,1,1,1,1,1,1,1,1,1,1,,,1,1,1,1,1,1,1,1,,1,1,1
355,2021-02-20,9569,2193,1725,801,677,464,325,285,279,271,196,175,136,132,114,81,110,111,86,78,95,76,82,82,73,69,68,62,42,39,32,36,35,33,32,28,27,23,23,20,17,9,14,14,13,12,11,11,11,10,11,11,10,7,8,9,7,7,7,6,6,6,5,5,5,4,3,3,4,4,4,4,4,4,4,3,3,2,3,3,3,3,3,3,2,2,2,2,1,2,,2,2,2,1,1,1,1,1,1,1,1,1,,,1,1,1,1,1,1,1,1,1,1,1,1,1,,,1,1,1,1,1,1,1,1,,1,1,1
356,2021-02-21,9597,2196,1739,802,680,464,325,285,279,271,196,175,137,132,114,83,110,111,87,80,95,76,82,82,73,69,68,62,43,39,32,36,35,33,32,28,27,23,23,20,17,9,14,14,13,12,11,11,11,10,11,11,10,7,8,9,7,7,7,6,6,6,5,5,5,4,3,3,4,4,4,4,4,4,4,3,3,2,3,3,3,3,3,3,2,2,2,2,1,2,,2,2,2,1,1,1,1,1,1,1,1,1,,,1,1,1,1,1,1,1,1,1,1,1,1,1,,,1,1,1,1,1,1,1,1,,1,1,1
357,2021-02-22,9658,2207,1755,806,685,464,325,287,281,272,196,176,138,132,115,84,111,111,91,82,95,77,85,82,73,69,68,62,43,39,33,36,35,33,32,28,27,25,23,20,17,9,14,14,13,12,11,11,11,10,11,11,10,9,8,9,7,7,7,6,6,6,5,5,5,4,3,3,4,4,4,4,4,4,4,3,3,2,3,3,3,3,3,3,2,2,2,2,1,2,,2,2,2,1,1,1,1,1,1,1,1,1,,,1,1,1,1,1,1,1,1,1,1,1,1,1,,,1,1,1,1,1,1,1,1,,1,1,1
358,2021-02-23,9741,2218,1786,809,691,464,331,292,284,273,196,177,139,132,118,85,111,111,92,84,95,77,86,83,73,69,68,63,43,39,34,36,35,33,32,28,27,25,23,20,17,10,14,14,13,12,11,11,11,10,11,11,10,10,8,9,7,7,7,6,6,6,5,5,5,5,3,3,4,4,4,4,4,4,4,3,3,2,3,3,3,3,3,3,2,2,2,2,1,2,,2,2,2,1,1,1,1,1,1,1,1,1,,,1,1,1,1,1,1,1,1,1,1,1,1,1,,1,1,1,1,1,1,1,1,1,,1,1,1
359,2021-02-24,9790,2224,1802,813,694,465,331,297,285,275,196,177,139,133,118,88,112,111,93,85,95,78,87,84,73,69,68,63,43,39,34,36,35,33,32,28,27,25,23,20,17,10,14,14,13,12,11,11,11,10,11,11,10,10,8,9,7,7,7,6,6,6,5,5,5,5,4,3,4,4,4,4,4,4,4,3,3,2,3,3,3,3,3,3,2,2,2,2,1,2,,2,2,2,1,1,1,1,1,1,1,1,1,,,1,1,1,1,1,1,1,1,1,1,1,1,1,,1,1,1,1,1,1,1,1,1,,1,1,1
360,2021-02-25,9870,2234,1835,814,698,465,332,301,287,276,196,184,141,133,120,93,112,111,96,85,95,78,87,84,73,69,68,63,43,39,36,36,36,33,32,28,27,25,23,20,17,10,14,14,13,12,11,11,11,10,11,11,10,10,9,9,7,7,7,6,6,6,5,5,5,5,4,3,4,4,4,4,4,4,4,3,3,2,3,3,3,3,3,3,2,2,2,2,1,2,,2,2,2,1,1,1,1,1,1,1,1,1,1,,1,1,1,1,1,1,1,1,1,1,1,1,1,,1,1,1,1,1,1,1,1,1,,1,1,1
361,2021-02-26,9910,2243,1847,816,699,465,333,304,287,276,196,187,142,133,120,94,112,111,98,86,95,80,87,84,73,69,68,63,43,39,36,36,36,33,32,28,27,25,23,20,17,10,14,14,13,12,11,11,11,10,11,11,10,10,9,9,7,7,7,6,6,6,5,5,5,5,4,3,4,4,4,4,4,4,4,3,3,3,3,3,3,3,3,3,2,2,2,2,1,2,,2,2,2,1,1,1,1,1,1,1,1,1,1,,1,1,1,1,1,1,1,1,1,1,1,1,1,1,1,1,1,1,1,1,1,1,1,,1,1,1
362,2021-02-27,9949,2248,1859,817,704,465,334,306,289,276,196,189,142,133,121,95,112,111,98,87,95,82,87,84,73,69,68,63,43,40,36,36,36,33,32,28,27,27,24,20,17,10,14,14,13,12,11,11,11,10,11,11,10,10,9,9,7,7,7,6,6,6,5,5,5,5,4,3,4,4,4,4,4,4,4,3,3,3,3,3,3,3,3,3,2,2,2,2,1,2,,2,2,2,1,1,1,1,1,1,1,1,1,1,,1,1,1,1,1,1,1,1,1,1,1,1,1,1,1,1,1,1,1,1,1,1,1,,1,1,1
363,2021-02-28,9992,2252,1879,819,708,465,334,307,289,276,197,191,142,133,121,99,112,111,98,89,95,82,87,84,73,69,68,63,43,40,36,36,36,33,32,29,27,27,24,20,17,12,14,14,13,12,11,11,11,10,11,11,10,10,9,9,7,7,7,6,6,6,5,5,5,5,4,3,4,4,4,4,4,4,4,3,3,3,3,3,3,3,3,3,2,2,2,2,1,2,,2,2,2,1,1,1,1,1,1,1,1,1,1,,1,1,1,1,1,1,1,1,1,1,1,1,1,1,1,1,1,1,1,1,1,1,1,,1,1,1
364,2021-03-01,10060,2268,1898,821,710,465,337,310,291,276,199,192,143,133,124,105,113,111,98,90,95,83,87,84,73,69,68,64,45,40,36,36,36,33,32,29,27,27,24,20,17,12,14,14,13,12,11,11,11,10,11,11,10,10,9,9,8,7,7,6,6,6,5,5,5,5,4,3,4,4,4,4,4,4,4,3,3,3,3,3,3,3,3,3,2,2,2,2,1,2,1,2,2,2,1,1,1,1,1,1,1,1,1,1,,1,1,1,1,1,1,1,1,1,1,1,1,1,1,1,1,1,1,1,1,1,1,1,,1,1,1
365,2021-03-02,10128,2280,1916,831,716,465,339,312,294,276,199,193,144,133,126,109,114,111,98,90,95,85,88,84,73,69,68,65,45,40,38,36,36,33,32,29,27,27,24,20,17,12,14,14,13,12,11,11,11,10,11,11,10,10,9,9,8,7,7,6,6,6,5,5,5,5,4,3,4,4,4,4,4,4,4,3,3,3,3,3,3,3,3,3,2,2,2,2,1,2,1,2,2,2,1,1,1,1,1,1,1,1,1,1,,1,1,1,1,1,1,1,1,1,1,1,1,1,1,1,1,1,1,1,1,1,1,1,,1,1,1
366,2021-03-03,10184,2290,1927,835,721,465,340,314,296,276,199,194,145,133,127,112,118,111,100,93,95,86,88,84,73,69,68,65,46,41,38,36,36,33,32,29,27,28,24,20,17,12,14,14,13,12,11,11,11,10,11,11,10,10,9,9,8,7,7,6,6,6,5,5,5,5,5,3,4,4,4,4,4,4,4,3,3,3,3,3,3,3,3,3,2,2,2,2,1,2,1,2,2,2,1,1,1,1,1,1,1,1,1,1,,1,1,1,1,1,1,1,1,1,1,1,1,1,1,1,1,1,1,1,1,1,1,1,1,1,1,1
367,2021-03-04,10241,2298,1941,837,728,466,341,315,300,276,200,197,145,133,127,115,118,113,101,94,95,87,88,85,73,69,68,65,46,41,38,36,36,33,32,29,27,28,24,20,17,12,14,14,13,12,12,12,12,10,11,11,10,10,9,9,8,7,7,6,6,6,5,5,5,5,5,4,4,4,4,4,4,4,4,3,3,3,3,3,3,3,3,3,2,2,2,2,2,2,2,2,2,2,1,1,1,1,1,1,1,1,1,1,,1,1,1,1,1,1,1,1,1,1,1,1,1,1,1,1,1,1,1,1,1,1,1,1,1,1,1
368,2021-03-05,10313,2312,1958,842,732,468,342,315,302,278,202,201,147,133,130,120,118,113,102,95,95,89,88,85,73,69,68,66,46,42,38,37,36,33,32,29,27,28,24,20,17,14,14,14,13,12,12,12,12,10,11,11,10,10,9,9,8,7,7,6,6,6,5,5,5,5,5,4,4,4,4,4,4,4,4,3,3,3,3,3,3,3,3,3,2,2,2,2,2,2,2,2,2,2,1,1,1,1,1,1,1,1,1,1,,1,1,1,1,1,1,1,1,1,1,1,1,1,1,1,1,1,1,1,1,1,1,1,1,1,1,1
369,2021-03-06,10352,2320,1963,845,735,469,343,316,302,279,202,202,147,133,131,123,118,113,102,99,96,89,88,85,73,69,68,66,47,43,38,37,36,33,32,29,28,28,24,20,17,15,14,14,13,12,12,12,12,11,11,11,10,10,9,9,8,7,7,6,6,6,5,5,5,5,5,4,4,4,4,4,4,4,4,3,3,3,3,3,3,3,3,3,2,2,2,2,2,2,2,2,2,2,1,1,1,1,1,1,1,1,1,1,1,1,1,1,1,1,1,1,1,1,1,1,1,1,1,1,1,1,1,1,1,1,1,1,1,1,1,1
370,2021-03-07,10381,2326,1970,845,741,469,343,316,303,279,202,202,147,133,131,127,118,113,102,99,97,89,88,86,73,69,68,66,47,44,38,37,36,33,32,29,28,28,24,20,18,15,14,14,13,12,12,12,12,11,11,11,10,10,9,9,8,7,7,6,6,6,5,5,5,5,5,5,4,4,4,4,4,4,4,3,3,3,3,3,3,3,3,3,2,2,2,2,2,2,2,2,2,2,1,1,1,1,1,1,1,1,1,1,1,1,1,1,1,1,1,1,1,1,1,1,1,1,1,1,1,1,1,1,1,1,1,1,1,1,1,1
371,2021-03-08,10415,2336,1977,846,744,469,345,316,304,280,202,202,147,133,132,127,120,113,104,101,98,89,89,86,73,69,68,66,47,44,38,37,36,33,32,29,28,28,24,20,18,15,14,14,13,12,12,12,12,11,11,11,10,10,9,9,8,7,7,6,6,6,5,5,5,5,5,5,4,4,4,4,4,4,4,3,3,3,3,3,3,3,3,3,2,2,2,2,2,2,2,2,2,2,1,1,1,1,1,1,1,1,1,1,1,1,1,1,1,1,1,1,1,1,1,1,1,1,1,1,1,1,1,1,1,1,1,1,1,1,1,1
372,2021-03-09,10433,2338,1984,848,744,469,346,317,304,282,202,202,147,133,132,127,121,113,104,103,98,89,89,86,73,69,68,66,47,44,38,37,36,33,32,29,28,28,24,20,18,15,14,14,13,12,12,12,12,11,11,11,10,10,9,9,8,7,7,6,6,6,5,5,5,5,5,5,4,4,4,4,4,4,4,3,3,3,3,3,3,3,3,3,2,2,2,2,2,2,2,2,2,2,1,1,1,1,1,1,1,1,1,1,1,1,1,1,1,1,1,1,1,1,1,1,1,1,1,1,1,1,1,1,1,1,1,1,1,1,1,1
